Graphic Design,Content Writing,Programming,Freelancing,E-Commerce,QuickBooks,AutoCAD,Data Analytics,Digital Marketing,WordPress,completion_rate,improvement_trend,avg_mcq_score,recommended_domain
66.69169820226533,28.993534579048596,12.213591246254163,30.119381064165836,6.6824284466438595,26.486952500681433,34.303166064277434,0.0,50.117331552578655,30.85630070914485,0.614,-0.077,70.73,Graphic Design
71.85330457298133,55.335155042144905,26.333366710411745,0.0,12.29477801949518,8.816747058139711,26.41047495834684,28.052392333137714,39.111482098640366,40.28495199493899,0.622,-0.163,67.56,Graphic Design
10.876564734284894,4.450329630773853,43.54325790130161,59.42127171185099,66.69370421705916,79.2357751264019,30.084070091231958,25.853982948739286,6.008388303009184,28.814245647905224,0.607,0.161,60.9,QuickBooks
15.96009983858763,30.06816752964582,74.68124423936112,26.999846186858687,29.897979099457686,43.41017003479874,27.08901447170969,80.64013783539605,35.445657504680625,41.22515532593671,0.811,0.46,72.25,Data Analytics
9.112163223173159,58.097240370822746,34.57616418360285,25.352196577690655,50.99474868586264,26.376873993923958,51.23399635678573,41.83994715010485,74.83273407054702,47.106746348394665,0.96,0.299,83.87,Digital Marketing
34.93078181644866,47.188641389950156,37.909471487366446,21.60643892175466,24.387094444368454,24.628129434437565,39.11963344185112,9.919973245970676,35.55170046769692,80.93738556363219,0.679,0.618,91.12,WordPress
3.8983044480467886,6.360327059268265,39.79368600602923,41.988573494629506,32.21404102104412,40.56457767280517,23.224290934444088,80.69310425630849,51.41951541283626,30.13227211230656,0.954,0.035,63.88,Data Analytics
0.6975171507204685,100.0,2.996242064606145,69.59969496489401,13.682866518943383,13.23177661783413,0.4360302936773053,38.40294314375069,64.98661585438789,51.02749029709563,0.491,-0.072,73.69,Content Writing
33.49559240447243,18.540789424878866,72.72691806469702,26.505851818399172,50.66486187247218,31.11890094503162,20.225454402507875,58.391121215909116,0.0,9.064344613957072,0.771,0.116,100.0,Programming
18.260098062212638,42.87200452805688,78.59705220492133,24.135755846286322,20.501164204886997,39.19255526029472,27.973152841214727,53.66612663846587,16.810817177775554,28.655867448216224,0.856,0.23,87.09,Programming
6.70665417348609,16.06064300712843,29.924192296532514,16.391401377767263,74.78148130698818,27.70735616627836,24.97567637565445,20.95003253279355,64.7659263753225,54.758476094624996,0.573,0.139,63.12,E-Commerce
24.271161470797693,13.41996651695887,28.605034349400174,13.166787553246484,43.59785363128245,14.849233463432668,46.20388394376661,36.34403998068525,61.974305194691524,87.53909646299125,0.942,-0.124,61.45,WordPress
11.607512823327554,36.65500182124887,14.05098513244815,45.00231635373888,34.346131280542814,51.07745750486072,34.05729826308293,4.026599536328286,28.99117587834239,6.955118536548442,0.486,-0.189,100.0,QuickBooks
4.743023727421911,24.603410222078384,35.38956243931853,27.63781051264258,78.32648563980263,21.83513827532041,22.50746839897479,11.58039622970666,63.25485414268998,58.58400172499218,0.543,0.009,82.2,E-Commerce
23.04806322377385,33.638342355599804,15.168150282806891,49.308443821275866,37.526238671036424,89.76992118054386,18.41663707014258,7.754278490095328,12.38800800181179,29.415773132241085,0.853,-0.019,57.79,QuickBooks
29.363623558586937,29.864346382354576,50.84511942198111,41.672032474858504,98.68472006459457,38.017596021106954,43.627838707382175,34.427243317254636,47.2733887928788,45.32266019498606,0.617,0.066,74.95,E-Commerce
10.267977979745464,47.784294955138876,95.29995857961974,23.202616679714012,24.97323328616119,18.359125642461095,12.189664763835957,42.04886989147235,37.16244992211618,36.67858175178524,0.723,0.243,70.37,Programming
2.1038578520522933,57.32303234231251,40.49642946310057,39.86013013172128,54.524586402781225,36.10450010597248,2.7857918553222767,24.075743060014048,80.13360557095986,36.43696292422742,0.548,0.059,82.95,Digital Marketing
45.93439739978827,45.97513928591639,26.008656455916796,36.99393695898921,52.92408312979225,13.987971737913504,83.11663562296616,28.384119522959292,41.61108446533685,37.59380488866565,0.548,-0.136,68.59,AutoCAD
24.43390190847444,20.841243007227856,26.26517788891269,25.92870228703224,24.152354841865385,18.38833700004241,17.534242652607244,25.97361145433754,42.67593158794911,80.59318696266037,0.811,0.485,74.04,WordPress
36.64672425731189,46.0139462336264,65.09415352640514,15.013748558729493,31.572884232924253,22.296985492586806,55.62843849212365,67.46134255037218,29.896787979205783,16.44022803308461,0.346,0.083,71.1,Data Analytics
43.12508394697121,43.879862151830466,30.22729477905407,79.83515587903898,48.604978748485664,27.070732981965577,22.087923228964673,18.572722427885086,65.56315486454574,16.61312707071402,0.49,-0.241,74.76,Freelancing
15.597708449167884,40.26015618157038,36.0695831737801,37.30516886201941,80.19244798881307,23.783985996511067,10.8769803058616,0.0,65.80402507356507,33.39517368933921,0.797,-0.477,71.79,E-Commerce
23.855347604652287,22.65337976137465,85.59467296286424,15.006851556883614,15.21988396930836,28.53877452749495,38.457823151056544,59.591411721034035,32.0086689798704,13.34623673383265,0.995,0.049,82.91,Programming
28.18193469605028,25.975420791224096,55.262802396432804,22.665279245751357,17.525511090137904,4.248864007528141,42.13704138106264,58.0174047602998,58.29964930360687,30.835545991886278,0.661,0.081,81.67,Programming
15.806457675732181,29.49352522463426,16.751885705170213,25.015172581317238,16.344235726685817,29.808149446367917,29.742109972322226,30.864084349585283,42.070306417131974,84.96970207594534,0.853,0.49,80.83,WordPress
23.655284959569112,72.05090919960207,0.0,34.50165995501623,0.0,10.3511846617357,14.778214600418718,20.5125352275899,50.961263273270106,32.86803292472138,0.839,0.083,86.35,Content Writing
28.038250862331303,30.49271216269269,28.770707480502136,26.383272521691424,56.912788001122166,23.177811503395954,39.65378644496822,21.405979041100004,77.90002688712886,31.282427800558597,0.814,-0.033,79.14,Digital Marketing
8.202670033042809,49.19078409704803,97.0095105631833,11.4582237362874,30.509297700558687,34.794351903470684,13.053761870719933,52.18249476733675,13.556162677579072,49.29311810978022,0.859,0.175,95.49,Programming
47.35450892224464,56.14572245161115,82.1618300468883,34.66552234874771,23.30141993781372,26.93507923065452,25.768522504394557,77.77664042549665,12.428123016526142,49.28545795527795,0.549,0.027,70.96,Programming
25.888621004701594,7.556940644128719,78.30190173969996,18.525907144565757,23.55129538094084,13.248397365292636,40.74733850677993,42.35546173506643,15.354948503716361,16.655174683412504,0.925,0.027,89.7,Programming
19.979699636764757,74.91297517626174,21.0052217509459,18.13540325366656,15.573255183017707,11.084160898077808,11.241455988993042,37.12859139933198,36.813509229944316,37.10173975874827,0.795,0.287,86.7,Content Writing
19.775401986502473,54.93915798236893,37.31549389725408,26.21667097279646,45.72885371315601,17.18569964785622,15.660560818891653,52.80620281078704,79.81075011323269,5.779673399950538,0.603,0.922,84.23,Digital Marketing
81.51357816372038,26.119630026941188,0.0,5.4220759275795345,5.484225472207381,24.338598764222805,17.795928390187434,18.111113167657898,36.91380029151782,4.627627725751616,0.689,0.026,77.38,Graphic Design
48.055562997382815,42.80172246559661,55.1478766601815,27.916813674575298,32.65773839450116,5.7538182614363205,31.77328439256496,63.280682281028135,18.487538044341296,46.42022167000138,0.787,0.073,80.05,Data Analytics
27.629987956511272,52.71009272463369,26.615026065768582,18.134435229342273,41.71867004425915,24.179162124985496,16.959134168591074,42.61487981294124,70.60014833842541,30.57690615886406,0.794,-0.033,70.26,Digital Marketing
49.15626730821286,32.59020502977459,52.96773921787197,13.32157078287872,41.34525418815561,11.010791269860803,24.660624527142506,82.70450823916569,34.53998687369003,0.0,0.416,0.349,88.34,Data Analytics
44.565102455479376,28.89943642221247,21.295915729158995,23.244502127611486,34.493742568768326,37.50889217113873,29.260939465459064,13.235645467815111,56.23443155745816,67.41960570442782,0.745,0.268,73.04,WordPress
45.76311526916689,23.7383047542763,61.323913495697994,39.06644550463569,31.89517110859352,11.054888229068435,8.676308578907864,100.0,0.0,23.515342717334264,0.476,-0.776,76.02,Data Analytics
12.946870809318522,53.88499330006267,0.0,41.450884928838526,33.19390843516416,23.701039772333445,33.34065753515216,33.91651879659775,96.20775086323773,0.0,0.827,-0.063,79.41,Digital Marketing
41.28338369968557,85.82840791496469,27.07733866500237,33.39375697076013,20.29509370907919,10.72634691657821,36.29714775813549,0.0,44.15844512116651,20.517792026013304,0.715,0.029,90.98,Content Writing
75.76895027303361,51.117228000391364,45.236460862608155,31.546451038232224,0.0,24.849889701153604,33.190634093638785,31.75348526691691,49.57173555641253,25.645098854149815,0.754,0.183,75.92,Graphic Design
15.711990395128888,17.798100283746244,33.934096121323655,9.732873940825407,1.5187503015427986,24.991114513286153,21.65229172054121,11.359392823916467,44.74459100762555,92.24815563779288,0.552,0.31,77.93,WordPress
33.97424263162312,37.40971664121804,4.4168139016475685,21.93074567800723,34.18667113341705,24.747830032934083,15.740702962475773,19.560613407074555,97.00121875865962,24.530280021163897,0.696,0.021,85.48,Digital Marketing
21.626160371607693,2.0718599787910357,77.37895956843921,13.98413694601789,37.02133052194539,20.264300922516913,44.95702884607579,54.09912028770907,32.912679103644926,24.902658618428195,0.754,-0.085,93.34,Programming
39.40866326029144,30.938271880271348,35.66951606457876,29.048488417074225,42.18597773494771,42.117696502099236,28.984666494657954,100.0,26.778628812905385,4.156326837689152,0.805,0.485,78.48,Data Analytics
13.774631310214502,22.59648316450868,93.84490435562806,16.23047369800546,22.8777930370981,0.0,20.71168612920078,60.39393495083689,43.745355259128814,30.388040646902574,0.566,0.068,73.05,Programming
34.921603393427894,15.398528580782905,22.406187846970937,1.9694637489065947,91.87774837814375,4.765407497653559,13.155870098930961,24.93865488281331,68.65000635276473,21.625901919714828,0.537,0.231,74.13,E-Commerce
30.48267060214001,47.83798595590484,31.885435289009912,34.19235602136996,62.97865533527603,84.73123691398985,23.63171100369911,39.98923056152146,15.930464503073377,43.016357802967676,0.732,0.019,84.29,QuickBooks
80.01092658736067,23.900285298634657,49.88093323553989,19.20101638557639,35.611499505409455,45.017916623368585,13.610122599716775,7.9775221486419365,31.476994542720234,30.456499108419102,0.932,0.632,84.74,Graphic Design
36.74190625924768,34.1258736651059,49.408445323762734,64.74056622258502,87.28367409397367,37.751086659365335,20.172894867527617,37.33844313237657,78.61565039435516,59.780927979839106,0.745,0.087,87.78,E-Commerce
10.134410216225483,85.79206727250946,13.963071926373074,30.603664461532464,26.574640858326,3.0027379454711287,39.751353741493986,20.928236800354455,22.13502883995826,26.99805705975634,0.701,0.353,86.87,Content Writing
13.126068139756127,26.091961714032323,33.92311829614749,74.4012157645892,28.82849578794606,37.53888542022944,13.952860837507004,24.839773351261986,45.05105549108793,30.477852094146186,0.659,0.07,59.74,Freelancing
8.25946763547298,47.504833982321315,19.34955363566355,0.0,46.35213321691407,14.04691703255636,9.877002912043626,22.782898451282954,55.67523405981492,45.85756900005836,0.806,0.267,76.84,Digital Marketing
24.11106289555243,25.76133797174599,40.52265462686046,35.27028038661363,24.47699222858537,33.103986424920194,23.92546540967233,61.94263007917692,43.831871727827114,94.13647621611294,1.0,0.31,82.64,WordPress
19.42790211056228,16.2315463784259,33.658731543739215,8.570021682232777,33.97948385581722,49.34849164798485,68.14025122991148,33.271391858872775,37.60392950289015,15.213855324560868,0.508,0.2,88.67,AutoCAD
32.19449802658609,48.635637580696496,8.950541865009694,0.0,33.258095977478156,42.727929711400876,31.02035680791361,17.598082072123812,87.49395558145072,17.21665511661977,0.845,-0.125,97.7,Digital Marketing
33.61598383383017,74.17886241586483,47.116054965135454,9.63161615789594,0.3259114718776335,21.776460612649,29.175479760302746,26.843625544902537,64.55047559224015,35.138244500863685,1.0,0.108,77.1,Content Writing
26.07968137323178,68.47989529225754,16.99118343916415,23.610807738203377,11.732644584162324,25.02244708953994,23.206302013991674,56.68848261904822,69.12725668940669,44.57107208841908,0.801,-0.064,82.26,Content Writing
83.11001566911249,17.843662611194194,34.4922904136543,26.74746934502429,22.862351479952927,11.820868845087276,37.54061988790102,31.099499146232947,42.88576896583701,36.40668817221374,0.83,0.09,95.42,Graphic Design
29.196518969664783,42.90400645992413,46.235519601295685,74.12754143423496,64.15688413210418,59.2113142996314,0.0,3.415622775565117,35.99223822722447,53.93807345038249,0.716,-0.413,64.41,Freelancing
47.73079206707997,79.60087912384115,9.669162802475922,7.83857819223495,42.201624859172156,32.23115279415313,44.732958797527374,23.384219586603727,26.219430962657754,23.6456688369958,0.463,-0.026,75.0,Content Writing
20.09116752471237,80.2001109794332,26.824318600193067,28.880919271922163,37.287267251674415,15.192336517580857,25.360354428517017,34.218244711431346,49.20691131653043,30.585130854089368,0.809,-0.363,54.56,Content Writing
5.0758330921028625,33.790955453080244,38.96741661370079,22.4894680592953,46.07754587751745,38.69862682040111,43.291548961678885,24.776630625415386,81.39948557886801,17.012082454921504,0.581,0.484,60.31,Digital Marketing
9.150944062320175,81.51133111133966,14.445730031465347,13.504377040794564,39.538942311277545,50.40072449614459,31.554933039962666,29.764218226984035,52.02027157986652,42.65101909411784,0.619,0.269,79.4,Content Writing
21.833446419011548,20.01575321164004,51.86589491501309,67.9221733991701,28.34845789652656,39.69584912571489,0.5079340469226779,46.208671245620806,40.16407119193531,16.09900579760144,0.42,-0.077,76.88,Freelancing
21.509067373421036,41.01701353661994,16.78027748853341,26.403955370518055,34.00546153083187,23.078853022529835,33.84391162604586,25.890014975413507,72.42281886925782,18.554909555372724,0.508,0.437,85.74,Digital Marketing
27.801157676190037,31.32046714194001,43.202926370531145,35.73723318606971,21.873989989640858,13.900034814951125,40.15450486771634,0.0,39.89196339152971,68.63595360711557,0.811,0.225,85.11,WordPress
17.32619635740506,13.670245783832014,33.243088762790606,24.452347148881813,78.77148868444668,13.342511704256621,13.648593273639529,14.293172378050087,50.61240460969614,35.60797138277984,0.707,0.171,69.48,E-Commerce
16.050282711641756,22.86350549251552,48.53670260576098,38.14542364940751,55.34486842880024,23.469482965679397,54.259036889624525,34.904015523196186,47.61644434624752,86.14509957861648,0.789,-0.045,78.66,WordPress
36.897547196421975,24.49444517083665,24.399647371277844,65.07812858514825,29.244673068335636,18.150594174122975,37.4154994330315,38.36284509668275,46.98444227926986,28.48631832204481,0.937,-0.047,83.18,Freelancing
41.798143326922386,89.08967677333735,53.412997897657284,18.071807233763156,23.73953067707657,27.047354642615176,9.318628942721855,32.441929129033,62.97924099209774,24.112262232193174,0.486,0.367,72.14,Content Writing
83.55914885683077,27.417279819820877,23.265912811946425,13.146403476159175,33.37356609249818,29.11291626031352,18.10976275815205,30.683003025849104,23.91521464976492,27.404051060096425,0.437,-0.023,90.28,Graphic Design
94.94161804514516,44.654304896165456,8.144567745084453,40.39330066587982,32.39912007649503,14.641932057120863,33.12783171105592,30.20859153846507,22.369129772814993,18.550264427558602,0.589,-0.235,81.62,Graphic Design
18.82016424114412,31.052470081876972,72.9397101497748,0.6408719475143414,18.487165408995864,25.699966503589476,16.824533590062995,42.09078217001471,28.87478634114383,44.6051034118871,0.779,0.454,72.36,Programming
12.974698895015399,29.220461149201654,19.84863484298448,14.868102312840222,55.46923496880174,73.45605591559845,30.436027836331817,36.86806701612358,12.508007756939016,21.70059399589295,0.714,-0.272,89.37,QuickBooks
33.560382172111616,59.76843222835077,8.753447848690723,37.21308815453848,46.5109550149223,16.647851449353304,17.245840035208232,27.618020511803586,65.1341193389464,31.90590845502419,0.553,0.464,80.42,Digital Marketing
24.966778815051136,33.56442156343987,83.30306897043751,40.21295295168897,23.254826403342527,7.085418002613557,28.2658283875757,58.73455542736581,4.448653159407263,32.80788985751914,0.791,0.178,90.98,Programming
42.73046827188794,39.2482917709735,15.457299537421928,39.84491368124415,15.80395997594546,18.079389070473017,86.31219059485174,12.120919635524515,25.34025814143977,28.419877863529546,0.825,-0.091,64.58,AutoCAD
24.114434955843876,11.048074267122209,24.628086709650745,24.378321319355557,92.05236744500823,17.796782674007222,38.20196197691206,13.739357316351771,58.38082505516403,29.503857409217034,0.678,0.042,85.51,E-Commerce
36.73368767558795,42.695023407751485,52.93384772229645,23.289142031246634,37.7387912265547,24.753916067168852,40.53149013973919,45.141381509502736,43.50557249036296,81.17977582800825,0.889,0.166,70.53,WordPress
37.52504322027231,51.22336557324526,39.99241158719355,16.846836587294373,87.85577663618677,38.96774862218156,38.98984738356052,15.237011970787925,35.67524814698061,55.35860370446655,0.894,-0.02,77.45,E-Commerce
4.271932740026183,12.563575705357145,68.75937347137523,20.001461573540347,28.508256996039854,22.550596027540436,19.404140343358584,51.635314893958906,44.379750503049834,0.0,0.537,0.343,55.62,Programming
16.086326027825958,26.61572818311908,3.537034602976332,55.60161249936434,65.2598447355273,23.143665720792136,11.94644757839537,36.85010550272873,42.99607691643773,13.094010388608513,0.648,0.301,86.46,Freelancing
17.79994123219204,33.63520207067491,0.8378137046706176,52.830782441707186,50.03598202434663,68.9753548607745,2.319577189496144,16.546477379884795,6.762035386281449,0.0,0.631,0.306,62.19,QuickBooks
28.10899152812916,29.158110794522816,11.767589322294707,66.59438604061009,44.161049555509635,32.52400003843843,14.845219835628082,26.08747862840087,45.24872949323841,7.079392908777502,0.579,0.17,61.76,Freelancing
28.782028758055453,23.896918338149497,36.69254696484114,12.29086622624667,35.45160058488981,20.35118725799077,31.32165559487678,45.14339597905601,37.63800414978375,74.73338357651367,0.933,-0.094,76.41,WordPress
40.10624416598956,16.377570261198073,12.02626895752941,23.80448987202164,46.61666220108265,33.641871303394225,83.4334709812312,21.94201732931738,12.386128293950126,17.817895543216927,0.497,-0.122,92.79,AutoCAD
9.101802833921148,20.80787313886569,8.41154755723877,32.00696657620282,40.25630882575379,12.571463237903249,32.77909197201992,14.671429549749,36.36542932740082,68.4632737286919,0.415,0.226,62.74,WordPress
13.516638435986334,38.92997564426427,0.0,14.318364652021877,65.17681483584477,31.59865222992641,27.15943467132662,29.058560084696254,72.47733568875628,41.60163214076009,0.771,0.059,72.08,E-Commerce
50.1504502813838,45.338896406948805,26.133334712347096,51.27690092298571,73.60619218013784,20.453880073406264,36.13658557058182,10.913740133117994,63.58633041629591,28.814946610024478,0.58,-0.476,69.46,Digital Marketing
21.23674025981761,12.566059108900806,78.24702249281594,34.883409926450156,8.988972876913827,26.284772738025147,31.103083597614955,57.61762188953176,23.048237852769162,21.077107988197383,0.973,0.314,80.43,Programming
17.851702652820236,34.58620542491289,58.98998443861874,20.611805422644945,30.065409859597025,28.98466322594628,26.786704311862096,81.10033956531868,36.914488079372404,37.703273907142524,0.588,0.214,80.63,Data Analytics
9.729540312890638,46.90627191652917,55.661974127041006,24.38208320710229,42.88368312729295,19.216445821574652,15.339109547944698,48.167755301361744,86.47043740736704,26.938353862859415,0.528,0.047,79.14,Digital Marketing
24.314936599764344,53.117858921961535,92.26972997955855,46.665054876469014,31.69076596128153,48.923658769500435,33.71563879553568,66.29142922287384,9.17459306230046,29.96517052126976,0.564,0.061,95.73,Data Analytics
54.98228375931604,21.662162100587956,85.95484489421459,20.336899027708714,41.884169076194404,34.31590040534488,5.1341305747544315,39.421616561595926,34.35772322105663,13.948871709454137,0.483,0.064,87.48,Programming
18.843849333970507,38.07293262660205,85.21705520774191,0.0,31.792561184595318,45.33620387985906,30.418581091231506,63.982331840257004,12.29968016089646,45.34741323666977,0.788,-0.209,84.03,Programming
62.01719358892514,59.651009380789446,30.000062241803306,15.242261777158165,17.423420664811484,16.39841008939135,31.899022059801464,0.0,39.95895253612225,17.20283029978858,0.351,0.173,69.91,Graphic Design
42.93091350525547,94.34153256895307,28.32230479188664,17.83826875632661,16.641106755596685,20.004624558321296,10.931118456919027,21.283705962149558,27.626192753512527,50.33206088520567,0.596,0.132,93.38,Content Writing
8.118107123718517,56.09155604846468,29.794868165487195,26.52397397382302,50.611348525297174,11.140369488714947,26.400933516360453,45.70943886324689,58.15786077315502,33.67991160184479,1.0,-0.336,93.63,Digital Marketing
28.21419071381716,34.18110125398177,19.10731432982626,14.429487466942852,39.79989946231435,26.30390926554014,81.92805371041499,12.205357436037803,34.475919037969454,5.1310655803244245,0.721,-0.109,89.83,AutoCAD
34.842458829082986,14.83471829961195,18.15128021512718,0.0,80.63088396358474,25.18742909705641,28.57791710928676,13.916282927880495,38.644235143459866,57.298546368274906,0.844,0.068,79.68,E-Commerce
12.803455544807136,27.416064425006706,79.7172604708824,33.56470365482093,36.66679604873748,48.58641791574914,1.8037621679385403,58.62505762189821,11.707082757510957,23.443396272282857,0.603,0.191,77.27,Programming
43.53037036213156,81.6365169763042,24.34962189537693,18.995257596505656,1.3169400333137524,60.4044891816563,27.522938326565964,0.0,63.27694117853538,35.67246287586161,0.422,0.217,66.23,Content Writing
21.819839922116955,6.401534945523306,80.86380684235789,11.518547470207277,45.34380152811215,32.31388508473024,29.425001201408094,50.399418121404594,39.86748828007063,25.92292144264477,0.752,-0.133,100.0,Programming
23.907885635886476,22.936040781881758,32.78702787696688,11.873766400791528,30.52406616852041,26.23929149053636,16.87941018074004,28.750086820554873,46.378373897032084,71.56641712473296,0.637,0.438,80.67,WordPress
29.048554285078303,27.651789131651753,96.95546385819748,20.0461086738231,45.090130929880054,18.507639345781044,4.047489983008768,55.51675562169269,46.564081689778384,31.741519505802223,0.572,0.204,61.14,Programming
25.82036373027489,24.69293895015776,38.32332568860924,33.891632963134,49.91029674254535,12.264998236466678,60.20866259379961,36.30146462091304,51.13998114357395,81.107959387821,0.703,0.168,67.74,WordPress
68.83160597331263,45.30468089273353,32.30495390661931,0.0,37.36462722429571,38.04640831234011,26.518906425201372,26.467481137360277,37.843956755733345,12.595577705489841,0.534,0.501,61.3,Graphic Design
22.15753598073602,9.406046406220732,23.51384053725488,62.32834603956819,52.13275977547133,4.7335702702175295,18.738368480097524,22.58105479665481,49.53380848722661,2.531512670049251,0.945,0.378,78.09,Freelancing
55.89755859776522,2.4025249430132884,37.93368118961934,24.1701591530602,31.127487187489876,0.0,92.76196809293282,24.184054911720125,54.14317360018961,10.847575217151892,0.834,0.078,83.12,AutoCAD
43.64450921522817,38.71040362554,40.94132753759516,20.065320823256112,26.596605882700047,5.666294596366632,81.2914953036218,30.872932638534515,16.406353197839714,22.37963701431927,0.689,0.581,75.31,AutoCAD
1.45536964793855,76.1393514392602,30.629073644032932,22.390503715472015,26.41660280852852,35.200659761860365,31.61625914604885,39.72114230519341,61.65868589178589,34.5867288785043,0.841,0.291,67.78,Content Writing
60.65310655597125,35.967318368822774,17.01889141754416,5.856326877241784,2.2292387654019397,31.79951479598536,20.564895468395914,50.10223051767451,60.57769328509176,41.19514473252806,0.706,-0.043,94.7,Graphic Design
31.24121576841455,15.884976268674174,94.0195722904543,42.439489804847376,16.209654321913014,21.348643599360912,49.84404920869976,45.66346352614414,21.393247801498976,32.85944101437544,0.729,-0.094,97.87,Programming
26.25136615383954,4.712229623375855,65.85343166064742,39.87065110076821,42.85989208344979,37.84340432208589,15.355149650031338,70.41771963665356,13.596992283717071,39.33756414535058,1.0,0.048,81.11,Data Analytics
31.052746957593236,37.851706706874076,79.83825745836089,48.44283283621709,38.879390772013046,11.289403299052008,35.60029095860551,50.63293425282162,16.10280782350587,25.032380815761936,0.997,0.449,74.04,Programming
26.752280798155365,11.9079763801792,35.50601802020976,43.5751780414208,42.93894248425666,66.7952912157188,45.5471141747243,12.842089564116165,11.983350544616364,52.620634237171956,0.77,0.016,62.83,QuickBooks
95.8014293615646,38.894407197852246,19.364867938464926,36.325451797180676,34.15785762502366,3.1948871179950835,51.150906851961,32.23965192643712,42.87410644216609,15.19029378307704,0.361,0.126,85.08,Graphic Design
47.93417423657429,42.50623876019428,14.488252427696809,33.388344986653934,39.21606806651995,20.539498377210748,68.74876162907421,14.769228666004105,13.514522474934099,39.34650552955263,0.533,0.499,75.7,AutoCAD
23.734398075128624,16.424679409475093,39.76865074488724,14.739155590497035,13.423731705895893,36.65578701623945,78.52248878245825,11.342946528584433,13.996784986870205,24.13025743410145,0.795,0.504,85.12,AutoCAD
10.52876729487331,20.920255356681196,65.57415028015302,8.647794798806874,7.793572375965233,16.117880220551108,30.81306766876142,77.28702845218035,39.02614049022289,28.261531117894055,0.728,0.105,83.38,Data Analytics
76.59836045543622,21.409896742554103,24.348020535434472,20.65964691146914,26.7565022656253,17.52768732291884,37.33696259273651,23.749709265801243,27.167100379427623,28.202477535949754,0.732,-0.015,68.78,Graphic Design
70.78566023989488,44.27727825911987,24.990614745823763,35.68003492038922,23.8710394732563,35.813397980627414,20.346018078054538,20.176989416901943,51.69690865456914,29.245826953294376,0.803,0.465,76.69,Graphic Design
14.530891866069645,52.26716157741919,21.118890699171587,31.826154468395824,46.79621211229833,9.509014025562633,23.71113679163966,16.512570086635478,76.76420201259788,17.965951216035158,0.699,-0.091,69.9,Digital Marketing
72.34744503800728,39.11296814943303,21.435044803502798,18.43964878588951,0.0,15.989611396367277,50.88600220345904,47.32871257565894,42.485617619328536,32.534018424357605,0.605,0.064,100.0,Graphic Design
14.444082667409367,69.35712591780027,14.091448666829514,23.445942222399722,31.0827721903957,38.40948333690954,43.58395699607951,35.28944788230127,60.641470366347576,43.68606944043411,0.89,0.219,64.36,Content Writing
20.70315895806317,43.465669210536404,35.934123877369885,22.65659889570162,69.89072224841111,25.56080556953869,34.59830979193684,20.938425448166416,44.38736364931874,51.63254868048112,0.85,0.266,68.51,E-Commerce
62.2086227454426,38.33535957041099,29.060475064468626,8.353950513362054,8.510262079080341,28.2339648767049,46.16420035778982,42.23700338204611,47.38770263080998,31.70186361882724,0.687,-0.027,70.9,Graphic Design
7.971820004765008,42.37560365352691,29.787149533262134,89.86627999838039,30.34118965453098,0.0,35.03345027715727,35.56701735672737,63.16132021017022,38.438567461203895,0.522,0.152,79.0,Freelancing
56.510170701691486,15.351739259532016,36.6169089704667,23.60291240678903,5.078901323524178,40.84592973661978,21.190838083142793,39.40030518202594,31.17425158169805,56.01892504607246,0.866,-0.006,64.04,WordPress
33.51772663601497,54.412299156941785,35.429214759253775,86.32798579836063,40.16009515032153,43.835372348046256,10.242284003530646,6.7116724722959376,37.08484546907579,33.0915716375391,0.387,-0.04,70.82,Freelancing
31.42615349456355,26.425085555129414,30.261426314920726,34.31361794588295,35.961396932505004,6.061367425097061,70.46022303573717,0.0,32.89148334074096,32.96247355528,0.508,0.124,67.13,AutoCAD
16.40094074521508,75.06773689107098,39.76715166238874,35.66246885452715,16.627443450476633,18.513339675837702,15.682555609376594,18.431415621773958,34.80718811381353,26.29548718122038,0.647,0.201,67.4,Content Writing
73.72288068707311,29.55051752514762,23.799788059447096,29.932358929403467,10.264912801552082,0.0,33.47878685924148,46.87964832735951,50.1935036076073,37.678978699958996,0.368,0.221,60.35,Graphic Design
32.18283590118827,66.49828054482418,67.1758602577036,25.70180132921515,28.051731043461984,35.05978380793203,49.42275674233265,16.379535306191148,30.266136189979374,41.96560864510333,0.765,0.146,87.87,Content Writing
20.959406802915268,76.14524527624451,22.401505854753736,31.42601439732366,20.63216130194573,55.42613659919333,12.785899336954321,0.0,50.93608298894013,55.69107455560781,0.584,0.149,69.75,Content Writing
68.53027437886617,32.18245352605857,29.430764035023905,19.8819743901286,38.823657288548034,39.30328826735926,30.7049794877486,8.119532166948346,49.566410294711304,13.818572257260042,0.84,0.514,78.97,Graphic Design
19.44675704818569,42.231730799218475,5.306710737844469,42.80673445135058,71.37465972304086,20.090031809160276,15.276282699550078,21.1695838048411,70.92570906135539,28.420168512352937,0.736,0.159,68.79,E-Commerce
21.95141579962619,20.326047772389604,79.85236796583187,40.046859030723866,23.90410664497884,35.75659151795621,37.77344923437865,49.137302912151235,31.196205874177146,30.340160309131463,0.485,-0.29,70.4,Programming
36.13742400371549,11.48647681527208,62.90704143253105,28.841399948212555,50.838285541068736,0.0,20.566665854811234,74.86543422622498,27.506067062233008,37.75211508598112,0.791,0.342,83.01,Data Analytics
25.459420060875047,20.782821908172327,28.12764057296831,79.92670271768075,52.092237378228496,27.51539993221637,25.364709000309997,16.441872077877854,42.34111478282515,14.911553952738023,0.855,0.17,78.68,Freelancing
74.02483071382416,43.033588394004255,22.758295927949142,1.0678502669966186,26.36157210763296,0.0,45.4458784490336,7.332767668274638,26.15275251817501,32.052606412868855,0.821,0.147,83.69,Graphic Design
11.1786257364682,60.19695235694023,78.34836405161472,0.0,49.127946035124,39.27563021353715,34.74502005607754,53.49155250598492,62.77281748158691,3.14831936189565,0.797,0.007,90.57,Programming
16.969126166919335,16.24319534168398,12.017747224661962,40.3051460241607,41.776173937122905,73.65705817909077,14.92359452900907,8.198750414985904,34.409174092587655,7.013319400225649,0.95,0.488,87.94,QuickBooks
94.27727151839645,49.51364886658849,28.781904844917097,19.566174968609523,11.413111085167882,33.86444942190058,32.36400341476248,29.051753767711826,56.0548841577873,11.79058144676613,0.651,-0.153,87.56,Graphic Design
82.35623269182669,28.89116163391407,38.008505880097786,9.454252637943867,28.251778046443086,29.973659670894804,22.032126765060124,25.875305760412445,53.31530520225697,35.95153239875919,0.795,-0.3,79.91,Graphic Design
27.531239656714504,39.69929190291583,68.11858923854919,34.107052661245504,41.67817391028522,33.2325669968607,50.41770174774396,72.99356121003157,21.42300073246122,22.87571713125604,0.884,0.322,86.43,Programming
46.21986894092594,66.07852044159495,8.326115597192219,53.67705114585834,48.35984196400451,34.562078254716276,19.06146885750821,16.51804100087232,83.52069055894897,10.968392312072456,0.636,0.218,83.88,Digital Marketing
20.496507554754096,42.59429805252261,81.25039052220772,12.519706137190848,30.22767048231672,29.573170627488857,39.29395163720912,62.10044602722235,19.73243929282856,38.77577105283599,0.693,0.154,86.76,Programming
73.43744526749667,46.69043315918291,15.71123667153551,44.38122287551455,2.9009879212752416,28.394056761032694,0.0,36.52538907515879,35.147615869169215,16.94177390196496,0.666,0.119,66.02,Graphic Design
28.03885067812917,46.37385347697891,10.38238989504589,45.2631867055116,51.220338929025814,4.846771037641194,11.461593852706452,27.77526923517174,85.77351848257483,25.96856391442929,0.75,-0.175,88.25,Digital Marketing
19.765511075035725,31.225069164136237,38.801394818487836,12.995550934567676,27.6703414085952,38.6757772693001,27.698219653613336,40.51399253806636,41.484088082691585,74.58261501791618,0.526,0.148,92.02,WordPress
5.399770533744487,43.93239153881913,29.6703637765123,11.03931951454808,42.685063566811756,50.7845633830222,53.032932945500576,12.609534133052653,71.18909814771203,11.640761184757407,0.38,0.109,83.93,Digital Marketing
14.133361105025175,34.680615797899314,81.47232003764712,22.20922111871081,26.205330629796727,24.10332487758972,45.7650267130517,52.4881290078723,23.873839445835472,38.66761426697868,0.932,0.463,85.16,Programming
47.04637203137077,74.0813588350357,27.828439355751534,28.158274078288834,9.68383537598707,7.922565469330717,44.477441291738145,28.953824324598564,56.409733247266864,47.993539895559195,0.604,-0.032,74.43,Content Writing
44.5476282888065,39.91584782199755,12.524521116346271,22.120701468156042,21.471904173784445,25.42431791447629,74.13459091116863,17.79704413118824,34.19754810522399,49.986294676550756,0.685,0.418,84.24,AutoCAD
30.653963031259437,27.738086970827528,0.0,35.63287574086597,85.63113571538476,26.322335349162593,28.546251668486327,11.557176358549235,73.87989557252922,36.28129686772494,0.586,-0.247,82.04,E-Commerce
11.329966486559899,77.51662425452895,28.13732796622374,28.3004121643258,14.198677797429538,11.3837643563126,42.96292256684677,24.294503851264892,61.59619814766097,28.86250444118172,0.629,0.008,78.46,Content Writing
32.88322015910696,25.022958132111487,0.0,37.38919151088152,49.30459586803585,76.5410952214722,14.433139654446098,12.520938288370791,24.504239563513927,48.70785536642623,0.674,-0.471,74.95,QuickBooks
35.553403443597006,40.466338349638036,39.031233728040704,75.30725546679047,53.348248198284544,22.539979531046846,19.190841976345368,14.609743322646127,62.66633852163805,30.091502519475405,0.924,-0.009,73.42,Freelancing
19.514514010713523,20.545214687971942,50.75700400058306,16.477428758286344,44.87713159641159,21.3462730149265,13.774812698878304,94.10928674295225,21.15346122628486,27.649225771662508,0.635,0.342,100.0,Data Analytics
19.362135473701784,15.117844171719941,29.937534638960187,32.5126601291316,39.750842286148405,52.12840328247229,29.70107709395611,22.448360158270486,39.323043994599075,92.02661711819657,0.491,0.02,80.11,WordPress
87.52514099878509,22.355805829840566,27.78059075153299,23.440577451595075,16.740512164302707,24.78912125639632,26.202811243519452,19.75676755745929,38.88806283892749,42.81337840052413,0.415,0.82,65.05,Graphic Design
29.06495388778674,3.6244291072257955,34.576674643585065,78.85565186840857,54.68042330865127,23.2334563223887,51.20125378460369,10.583185854081552,83.34007685641254,21.495276977341515,0.521,0.114,66.29,Freelancing
13.430779965459573,42.47074876271883,53.47784065109299,21.376644316053827,19.861282532904788,21.965134027918417,12.478168028507156,74.6704669559126,45.92484436250789,24.739807285580977,0.514,-0.074,94.14,Data Analytics
54.23763056127352,9.21295517974006,40.280404891289734,59.751112981534206,44.25693894919618,92.15598956652272,46.73656594510108,39.66815545295927,18.883791795089245,10.003390224521887,0.961,-0.653,95.25,QuickBooks
11.695834193575598,35.98703453286757,94.69164259445395,16.25663287968621,19.929669424537614,38.26827250795191,13.465325209638259,51.27799175199079,11.652284420949993,28.190846510101885,0.897,-0.338,71.85,Programming
25.94384408340914,43.713791924261606,35.52613899531817,11.838163938969672,56.96425997066808,12.495468708405474,25.65303360186629,24.06494806073614,73.0435356856984,25.313854678774625,0.57,0.309,90.49,Digital Marketing
22.02501626337716,16.636454277149635,66.77027358387481,19.231027799533344,30.25529866972311,46.872222826119724,7.085724910710711,47.25257102635719,19.952973415893716,4.035551451153384,0.812,-0.133,77.53,Programming
12.365487320063652,72.39179208108578,21.84816067513239,21.491794065598974,30.272446589551986,37.350237912474924,16.987256056315964,21.49480253867381,37.36083330512293,24.243012471565223,0.967,0.267,70.35,Content Writing
76.95033970508855,51.38352820718783,37.36917767270252,23.702443776145543,34.60670261630531,39.89433714781472,33.86472108027045,17.59333803619064,40.752291303361964,33.08743647235627,0.994,-0.402,92.26,Graphic Design
23.919178823622566,25.038117236995532,36.07336331578432,78.72230995668066,45.66139656530114,42.195183030067696,29.16653106116264,7.418550914734931,27.542344261427512,17.735783714540503,0.778,0.25,76.27,Freelancing
16.451391140318307,24.511878683087854,32.8395969416201,19.7738486851379,16.404872221563007,29.563487364267385,47.701134028068694,93.8398095617796,44.9158282313535,23.51512077505254,0.778,0.388,81.92,Data Analytics
81.76076314503675,24.8500872338304,20.839329362489657,4.961539587663551,7.927966828823162,53.69237661127068,13.067318797212078,32.89714009670121,18.93899234913488,9.01023354052542,0.791,0.071,87.17,Graphic Design
19.3939914493535,33.577189774116405,78.44764887534835,20.140161052957357,38.24552475488343,27.941496318103713,13.866195774505155,48.934879990585486,27.36964610443442,39.66327211347416,0.539,0.319,86.58,Programming
32.48082762668701,27.99505431717674,96.04518950821085,30.556525997786235,4.133507153169003,33.00384209525236,31.348860924612417,45.42521024184627,51.13433447887772,40.34057523337905,0.625,0.024,72.05,Programming
21.972242980562967,49.034158920924455,87.47220400824297,25.364347334224266,45.1856502185414,29.431732795264132,5.032025354525498,66.43561436444223,27.918990147377414,14.289526443287405,0.77,0.108,80.44,Programming
15.632951245725462,77.1946223285082,8.606318960564732,30.793703893713747,14.663347806815818,26.089956019923314,26.882348716608984,29.08118228023147,44.65377257714671,35.40334779532842,0.608,0.193,75.58,Content Writing
6.205889002807583,59.51751323848546,6.157760066032928,17.43029672062001,34.015505945188835,21.76681735054416,30.621369375457856,0.03302361018340605,100.0,11.142891495984639,0.258,-0.125,82.7,Digital Marketing
20.22255844830267,39.24343721038204,89.32171861928336,46.78986898395547,40.36702711327977,37.0307352927214,24.056304826306324,54.6148822697789,57.85063081005859,7.4294130215329215,1.0,-0.05,75.86,Programming
27.825334601392232,31.08564950023616,48.088657226004756,25.21907934898918,21.57909258016337,52.34264231958788,12.7797504864962,36.41793513259826,54.283182856654165,76.72228720056609,0.521,-0.101,77.57,WordPress
18.221713769091224,38.48551815915587,96.83552860322172,30.588672951474713,41.04792472819521,15.724276106219932,25.7143208489786,32.263190609321654,27.815692127467013,21.554857129861247,0.772,0.516,75.99,Programming
8.871555679142169,85.89010976163506,38.07701343424845,31.991304552016643,11.579713318878776,12.618738577171506,13.814791629845903,34.85818631388152,62.07961520304594,33.049167493866435,1.0,0.081,74.2,Content Writing
0.0,9.349730260216035,16.790060843517903,48.61250316988377,89.40240627741048,46.77167449051069,0.0,34.529370409786765,53.80098477665688,43.62529386059299,0.592,0.208,68.48,E-Commerce
23.801229770126366,29.287773232612146,7.955670962644255,15.647632403149796,24.09815392043206,6.017136371789626,14.735158348614252,12.744594070979034,75.54036033902781,30.88093067610891,0.734,-0.278,77.4,Digital Marketing
76.24972886109825,20.546299121087156,27.04415040702338,3.5199619744334223,30.843620420605163,22.157440805406384,9.303402103850097,19.662257174645667,31.246544135728946,22.711208935714332,0.391,-0.274,59.28,Graphic Design
15.98242492197045,14.090093179193495,26.403651509139895,15.521110508392873,67.85140074439059,9.636902137355595,17.069097442232334,5.105630970788042,56.415245948778235,22.173190271061188,0.519,0.06,95.42,E-Commerce
21.70771636069916,94.31777837106058,55.54474578493693,10.282916414172663,40.38575321627994,26.185856792066026,36.74433331441198,41.99207301981536,48.20532869060589,43.009359700233084,0.403,0.078,77.42,Content Writing
27.36337252308838,43.965356417210245,22.846488991559042,27.50625114127127,38.09623444129607,12.542867370693662,0.0,25.52041160457592,45.93147993169258,79.63809345165667,0.43,0.26,84.38,WordPress
32.041180582437,34.453174158515466,47.01827844465527,29.362818398224032,59.088130226635315,19.87457182374727,21.082559663715536,33.43772549835747,64.75953430553221,21.804730897550435,0.8,-0.161,76.13,E-Commerce
49.45741288126757,48.481142649643786,0.0,23.44611060938927,48.78531379690833,21.47200453866284,2.19302678344231,7.0840448661728335,86.44549063502114,47.014995922092865,0.919,0.32,95.29,Digital Marketing
25.28726362739774,42.33185198928175,27.34921555031899,0.674004163207492,53.77983027236248,28.179252186238042,47.6837956014594,25.625423281194994,80.06144417921219,29.677716447711845,0.493,0.032,88.34,Digital Marketing
39.80059407789199,16.429675193071954,89.15081660146473,33.82855634108158,24.617850470197777,16.76769330381943,12.196786382944964,51.272611810668536,25.683934969395256,8.315612079221257,0.981,0.308,99.8,Programming
34.608604310656,19.8308451291203,34.81977388992488,38.3184638365715,0.0,30.711226784941555,73.85827513319087,9.236756143566998,14.093735616582853,23.349833032508666,0.52,0.485,100.0,AutoCAD
81.54068485317612,41.857151509183566,21.9012737426767,12.004247772198912,13.64099980075203,28.468385566007612,30.306589162687875,17.77947140550508,44.63275175145498,33.192764595137135,0.815,0.17,76.8,Graphic Design
2.9700388501029913,46.22217534160672,48.82057764747583,20.690109276261676,30.86314363457543,24.91206916608453,25.708288857674464,27.956331287152125,81.64865970963226,8.129972688314776,0.969,-0.071,88.73,Digital Marketing
22.90040804571191,26.193070426463407,17.300682486513534,74.99230137713813,61.86676002048311,41.6637963722023,0.0,4.670420698793883,51.45737743812764,12.897065901274658,0.892,-0.51,72.85,Freelancing
75.58612999228754,31.372751775525877,30.497755670317467,18.52263531825615,20.298393406927925,25.58449486165187,34.915467432107555,13.542324382867644,6.078052818196596,12.929184345365265,0.496,-0.253,66.36,Graphic Design
33.37733126022421,31.804623560237676,65.3045322068267,0.0,54.86900283583246,26.263880259451767,32.78647784510301,95.3466113983291,20.911421652783197,21.041838355797285,0.842,0.274,86.69,Data Analytics
58.753950597227316,30.23450836904467,34.13600145484697,52.96825184726182,33.87731685682491,10.028470291884974,29.47341465378277,45.379720010987135,26.418183646794866,19.05460744752835,0.596,0.443,60.92,Graphic Design
38.22865542207321,22.614878030254708,3.9042718023933123,24.058487462059933,72.84522148769788,27.072384903893088,15.878197475609808,18.054703496631795,60.24974495769709,36.08584282393221,0.983,0.248,82.72,E-Commerce
36.25593304240956,19.100163551121714,78.10350126453564,49.13181251623304,35.83188911289346,33.83969550256907,30.35148231533674,39.46539401884874,0.3523111706492461,38.071590663744594,0.846,0.294,79.76,Programming
23.449694728475123,75.20552480066036,23.58677503083558,19.837948575995927,26.319532702977867,38.36697988789704,37.86168907820826,10.733541638956,61.30831832089724,36.221450712808306,1.0,-0.252,77.03,Content Writing
18.91915019136613,29.200864859608952,36.32980278202706,70.97705225842124,30.36849939086696,11.71265510835603,27.38407983041737,16.835771597547943,25.303454047316826,36.81031802322108,0.92,-0.024,88.39,Freelancing
38.78538414874022,26.18583002672246,63.62156488148766,50.85338053240937,0.0,4.419431053492904,12.459305435759775,21.590918959773152,57.902919309513706,63.36519738048142,0.551,-0.264,79.74,WordPress
25.022355216714633,23.282439268840452,37.35910606603113,22.152018965467313,34.79679415413378,70.88225515532275,5.674452866365208,19.65715730095024,17.359340462576956,21.18535634406455,0.563,-0.188,82.34,QuickBooks
50.7057906800887,60.42917060819575,21.5000343888611,11.664934661170495,25.83814032798425,36.43813957655201,5.78874452716736,5.731383127717697,25.547447046144626,19.714729837680164,0.577,0.281,82.61,Graphic Design
53.41635082036568,20.365377418354672,25.805641898009718,6.4758249114407676,32.57154643257719,41.16379483731852,22.292586500627394,23.69147073627652,37.10762865502932,6.893916808222675,0.421,0.376,73.02,Graphic Design
83.3640275978183,60.32528145511546,61.563546181961115,64.87596782394478,29.937655360696073,21.514151481965968,24.027363199263576,14.746864512961432,21.735436052723312,40.86834684529292,0.296,0.242,83.51,Graphic Design
33.92463409426643,12.648098507660862,37.64029685808338,14.277438372651574,84.80554326429925,31.014092366302133,23.205502022560147,26.076659851470943,56.05194812394399,40.49273304152289,1.0,-0.212,80.43,E-Commerce
17.832089918539303,11.599482014354162,49.19781511414904,40.47046893887855,13.520023913063765,5.571341809797576,9.613339818046661,7.756060347751172,63.822352208707535,79.53443447554675,0.598,0.012,76.11,WordPress
12.467045914397207,35.91638404904009,37.53521179141234,37.65543094280622,38.548275160611986,69.07945192852006,28.143953177318345,25.538618120172337,37.91242486960453,24.35067424882719,0.655,0.109,87.1,QuickBooks
25.56826643494655,16.475594545738748,80.27535816797044,8.769394342530699,41.85248202611248,23.28576487005367,35.499971815177275,48.9810284376314,17.30771780963177,21.954964976899497,0.523,0.005,76.86,Programming
37.147699132930036,29.5793757333048,47.77394195080883,25.25485257257274,30.9544562646758,22.769866859261647,30.638817446440477,10.55006958588429,30.32365086043007,66.12821606412015,0.738,-0.351,85.07,WordPress
13.391940523937986,15.84365212250466,46.2170487279228,31.127178044134315,41.18622205473705,26.580785875520565,15.270930677251183,81.57831864169891,23.124234328863498,25.624526991550134,1.0,-0.143,70.27,Data Analytics
25.05421325512757,55.52627377817234,11.959315348314274,16.268908440336396,26.849844397799878,28.63066901590326,22.88328205297763,44.17100163781515,65.79834213219823,43.85020805962218,0.599,0.546,78.78,Content Writing
87.67487811226275,33.45299870011993,44.808551571294686,31.05358925386991,2.2980726750225067,52.906116201681584,16.250200971126887,40.97744621223313,53.40705605615443,13.719147867623004,0.716,-0.426,100.0,Graphic Design
17.09228509284939,32.05027331580697,16.483731369373206,42.191679986726975,46.13170824958501,69.37742273155789,26.028195376133468,12.546577321839365,33.162887137662835,40.95602970351067,0.832,0.031,85.63,QuickBooks
44.35357607096189,12.580597581689114,33.99432388892368,24.881181696118023,38.64180427304918,39.31175504249235,15.040203750303057,31.09588707303678,51.17629737088958,71.33487182100578,0.36,-0.141,93.22,WordPress
25.14006188193945,16.2892300247528,81.95386845417721,38.73433029178568,34.56492053594417,44.19953628522927,12.603359428121127,66.91506478215778,38.892511602762575,41.761920528957035,0.386,0.334,79.15,Programming
19.274395311913306,32.036948757384764,23.376684122036846,33.026026251831155,50.08337295362919,40.47883829308256,17.011591889841238,36.12378516073444,82.81482265975211,7.202087484319476,0.561,0.366,63.24,Digital Marketing
14.851520057126184,20.27928544625312,46.336089816180035,98.33826158680884,49.448304126755666,36.5448269122943,24.306306844182217,38.21510069756667,67.46352638612964,46.987478645167535,0.89,-0.103,81.76,Freelancing
52.962409431404346,31.84596851706921,7.56630170511426,33.13007525272192,70.53119765414667,21.61260546650754,0.0,4.158637523610276,64.58685070872905,66.44242372029485,0.768,0.208,68.19,E-Commerce
23.229534183206876,17.621925518834985,12.898609139639793,15.074432278272416,64.09657417301652,33.864014376581544,15.336670079390203,12.721431667652407,46.928662558922284,50.65184116397022,0.651,-0.095,73.7,E-Commerce
23.426057550245872,86.26267524123476,28.96695282992026,10.620337206853629,33.38887410492755,14.087844640553037,15.107908667334407,42.02079806213891,60.031703572003124,31.86523948078738,0.942,0.136,97.43,Content Writing
73.75547230636224,48.12089589761292,26.864242622665028,14.15426028028958,35.03313428233015,31.353418962433853,15.52838086822019,30.277909310686816,40.933526056904185,44.73568526587408,0.784,-0.288,74.86,Graphic Design
30.829039054640837,86.26404465963044,33.063316683717964,14.117137043179154,47.476410523217645,38.934842807004884,9.684747503947152,22.268323439054274,51.350400846797406,42.48466850306795,0.473,-0.104,69.77,Content Writing
11.358318997110588,73.7844110599086,13.822552140719262,22.654571676613706,33.221145192662036,3.9743144794242085,15.61923759862525,7.222914142232748,51.15541204839589,35.64566541458395,0.636,-0.208,85.57,Content Writing
18.15539853941912,28.370470137841853,93.91929726980881,16.127319364064373,25.649677221142706,34.7637008364535,16.108971730695938,57.23708737696383,23.465580687272777,29.799999087611518,0.948,0.08,85.27,Programming
23.754542774264976,16.10808773271665,32.64685352344221,61.136011257767755,45.39338035297764,55.75148796058087,31.91888704752295,27.963340916783217,27.410477122965982,29.387093989473982,0.874,-0.159,70.78,Freelancing
36.145356742468444,71.51142669786546,37.26102768764789,40.269958176557395,36.57748706522724,31.211197207314285,24.545177554009502,22.365053663037568,77.52320809885525,18.179995391108932,0.642,0.127,64.09,Digital Marketing
24.18210690496164,16.164657076222312,74.49128338265803,42.79444178219752,40.24214754877645,29.890194349830676,20.696876889925658,50.029395064329975,26.80468601209568,37.69044847424441,0.603,-0.09,79.75,Programming
43.65974204473531,49.44855457001697,40.0442931661298,66.63785494147137,37.13489120446088,44.748789862015826,30.63511323067854,27.13936883261063,53.78458261564688,25.294336029320473,0.768,-0.031,65.65,Freelancing
61.28804928570703,2.6835114077532136,33.30744393451436,16.058825295170333,35.55644488917042,18.14907892963729,62.29665588750534,5.321508176401524,30.381724393836915,23.6961383247317,0.643,0.534,85.06,AutoCAD
26.555001430461147,18.7472978175996,45.881592199595566,27.303472508959572,47.090589210180134,42.77713492464664,39.5497061990215,35.42232491825827,50.023683365955264,84.16302928944118,0.778,-0.382,87.35,WordPress
38.136659422282506,24.393905496809783,91.04054890997631,8.469818581355652,8.700779692482037,20.217003195894254,32.81477899279674,55.65542379120399,34.70299797436776,26.578757324577822,0.764,-0.257,77.58,Programming
66.5381456346621,30.36986847767532,31.40683895867154,47.91816498664761,34.03655880290846,1.3998632057769758,5.049981580223196,56.77134043744584,60.84667830768166,0.0,0.68,0.216,82.69,Graphic Design
23.893281680198776,45.82740259120797,32.71570667512365,34.295274841130535,33.15499404472941,14.701977144445358,17.691904658572966,27.78589802980262,46.12123037426176,67.01706024867241,0.789,0.261,88.66,WordPress
1.2491451803364662,45.95281982367871,13.576344572955662,35.75094114499167,53.35161248679335,26.67296627464218,35.74137633067113,13.202737643610929,71.055433948671,15.164937427482293,0.258,-0.127,61.29,Digital Marketing
13.447579540583693,30.968690219849456,21.245296043435133,11.247351280447607,13.447445970231144,28.966155954090638,81.55818766272321,25.884244020564484,22.755529634548903,26.674373074195163,0.447,0.199,100.0,AutoCAD
9.655789216647165,34.65617059020882,75.86112139126061,20.41949757573657,35.13646530364014,24.88562221983789,2.9908388824099426,27.33648515953782,32.3992762655418,27.37555410384026,0.464,-0.005,82.86,Programming
32.276354607400634,22.97725674740787,16.0127387755024,15.1567248495949,20.437064346735355,40.568342078414396,84.22430999134359,29.092757403551495,32.025617037343935,5.943140463948388,0.473,0.032,93.3,AutoCAD
81.26939059732787,30.793972465485734,6.6948323721065,37.04631926648925,42.77996742058876,11.455686226157537,31.588821401133462,14.481966873528242,32.8429238283862,17.65601831931245,0.546,-0.069,96.33,Graphic Design
48.84421602667547,58.281745747480876,14.930259173023344,49.2423340487459,46.54423973562245,16.321084330404748,25.54440450372189,38.10905056409945,87.55251588373203,28.083559700403175,0.579,0.058,77.57,Digital Marketing
4.107784055417285,80.86957282520213,16.132856942319485,29.480886977499978,46.23700316770391,13.091102346370997,0.0,25.259752064662017,39.22985454571627,63.61298946465351,0.882,0.427,80.13,Content Writing
11.108321414522464,48.275338106229114,10.535843894836653,1.7869957668314314,48.86540305541894,26.9959852512346,23.479237231683094,45.78906935155783,65.65345884275288,31.4633837631763,0.435,0.32,66.14,Digital Marketing
33.378441979801806,14.130449274333637,30.81960348499603,60.06206889456847,57.056912358360975,60.810991020073985,9.382747674716661,40.209566087763804,44.78135123206952,32.71933067940948,0.91,-0.068,61.7,QuickBooks
37.92784555311509,26.69934429122738,0.09040403110448025,41.84919669140561,47.62580222868838,75.93888075954526,44.329161022293704,66.9798105794707,17.09249984984739,40.63600255249632,0.719,-0.055,73.04,QuickBooks
91.073606924464,52.20035424269959,12.82593564457972,36.70575675961625,22.92961468946363,27.741310100135248,22.38592792695343,27.237467854694682,50.22360234439109,25.054733706320924,0.768,-0.044,82.8,Graphic Design
36.04767028732203,25.23321764000391,59.52824345165451,39.532311017993216,35.7005631879892,26.17841523379233,49.60562849600256,75.99094761839866,12.773389063758016,33.20534000167287,0.803,0.186,60.88,Data Analytics
34.743005570350896,31.44235584848913,92.79596356592702,4.326053420468783,26.724363720694736,33.15034590741852,27.79482030193345,64.54402075769374,3.0120691535406916,16.79985390795258,0.78,0.252,62.99,Programming
71.58469371913866,36.6972759364484,2.3821267418463847,18.540260088696893,46.53624126847875,29.3336289457324,38.036255967167364,28.291973074024597,44.90201494189287,8.675951271118853,0.627,-0.36,65.01,Graphic Design
15.357547474453552,37.522050268227716,37.9125668129495,71.47367295560186,46.67980830934953,28.43213697489621,41.50508965129879,28.206460825796928,44.528029038253536,12.844987321126707,0.64,0.325,60.86,Freelancing
31.085453014433813,56.808358027196604,31.933399645973303,19.038769435754432,34.46541470271777,41.299450347825044,17.79704565573653,46.67062385706382,75.4803275679293,20.898422509160675,0.675,0.369,66.19,Digital Marketing
52.10560138261807,36.70863838869439,33.10445011479329,12.04002477242665,35.226538689193006,35.02104272225751,23.643129138684778,6.326706696242429,45.18639927230133,76.26679761297656,0.805,0.671,60.44,WordPress
44.76715080776076,43.87193897656552,30.4784318652298,16.519411150388063,25.694261538521626,11.008692659907872,76.83476628712907,8.803290723443778,36.81110178781743,29.36469128782415,0.451,0.403,100.0,AutoCAD
18.692739622929114,36.458339937205395,64.59506377675059,31.61654063205754,39.74641159820481,17.628782630607432,38.29424570823486,61.21547263768207,30.250821538908163,26.38306862044498,0.656,-0.084,84.05,Data Analytics
12.857539435877536,19.91556813122009,74.71476487141945,2.3803678725628714,30.414627614975792,14.347031999009747,41.65277862904466,53.157441424895175,24.902855956493948,12.487011684971947,0.862,0.407,80.99,Programming
44.58137519472276,36.21338094460042,60.835221881792506,36.19753754500367,37.73096921678439,22.749393119553186,2.1781733580756786,75.2865308792298,9.5209111721692,4.966085314804381,0.623,-0.115,90.14,Programming
16.238601185699707,22.750850629735854,67.90268908167195,42.57410555659544,63.688468608247305,24.617753036013767,36.419477291524025,72.56768163597455,22.599910347454763,35.65127101518277,0.813,-0.132,94.87,Data Analytics
46.94596543323475,85.39335181674687,29.060083984493875,19.727298449026573,30.61243326927746,29.59043955485224,4.665790039761205,33.88229319010324,69.48853092485145,47.74750993061831,0.931,-0.456,81.96,Content Writing
14.419695311604071,26.305248509328113,97.95589292129831,25.322046594480888,2.845104791571334,12.179726235209067,40.22741596491622,54.86648162936463,27.430947441328012,39.703364153509725,0.664,-0.106,68.01,Programming
14.168739438820367,27.65203418040992,42.98010968725242,28.148992278258397,41.33513421652215,47.14841036241522,29.68041676580495,0.0,58.346256465136136,35.16796433536441,0.615,0.045,80.57,E-Commerce
31.76285854506326,80.97016911205996,49.73660107959374,27.78813501960795,26.457787318908608,24.998521982380744,0.37060208547149287,28.17816365693092,41.49094096885055,23.243026590612686,0.473,0.13,95.19,Content Writing
32.11241553828866,22.101985697735003,63.20081821103673,32.353834428938136,33.733395300310434,21.300438930003175,34.258882025451484,91.50592825737196,38.15895655728428,38.3930241804587,0.644,0.255,78.78,Data Analytics
21.93896839742702,48.87586219988515,47.86719092347245,0.0,86.53121180760516,4.710316005771611,30.316764317499192,40.2105729603488,48.66831259253383,60.258074976585874,0.313,0.112,60.28,E-Commerce
36.84305497272715,25.48369895575053,89.58403700096184,33.17918043816662,14.512947477175242,19.290296103796845,24.086784949225034,60.191856462109996,31.00928952702089,27.180983908999558,0.942,0.181,66.72,Programming
19.812677400474538,22.359233850827145,83.67710169532891,28.813432147414282,64.32714229650945,27.280411666400465,35.65337207683902,35.32632199291733,10.22321002444216,8.620006847459827,1.0,0.299,76.35,Programming
24.68350873568693,66.02239360837224,5.0921385783336515,31.080097181642692,13.508870966958618,25.32631428792932,29.19341990360375,42.29499172276824,48.781616660528904,49.79808714326316,0.679,0.116,96.32,Content Writing
20.38002039609883,27.42391656560641,64.3934724470855,25.958712647182175,22.672615977176978,38.0658385526271,17.44989835547221,74.89358119918649,25.207379794460035,29.117283518060418,0.854,0.328,94.9,Data Analytics
26.462489287246576,30.48828574977537,0.0,26.23853086547145,40.954323638937474,91.05313337825817,31.417013969384822,29.61278848863684,4.0025079682751326,11.252707315394506,0.99,0.096,85.22,QuickBooks
18.83512703798924,46.15717004596894,66.51981971501571,11.507709563248994,26.878586509262707,42.752207721410464,22.967938186381666,50.68238633240858,38.22960830705077,0.0,0.642,0.41,100.0,Programming
32.05608082478784,37.730128684754725,20.79590393207598,75.38457869706409,25.109581147448367,26.453499318560752,28.018640308358968,16.266971532201126,64.12724370229262,20.99210645531529,0.541,0.216,59.12,Freelancing
24.227510583166282,30.275681434443428,71.38165826518986,12.811514639640688,19.2649357068247,16.689901133964323,33.60410903288667,57.300030106085586,28.638523954169735,38.14728482291016,0.768,0.25,64.24,Programming
52.162437948692755,43.31776822018286,44.49535356741668,20.2430352057079,49.19977778940704,10.680319551631912,20.555574773838778,18.32428018204424,54.9569262770628,9.366692198422859,0.742,-0.092,63.31,Graphic Design
33.084689557510764,17.646031982883567,31.635415227527115,14.191844328657481,22.903837781708482,27.953192579461373,92.30729632896603,22.681968879491617,22.20215875069349,13.14452081492676,0.763,-0.233,97.86,AutoCAD
24.18569430419857,39.30021780064416,89.10440078094402,5.054425513830088,11.417524085875407,35.54283272767555,18.58577774363888,31.838814090355548,38.854487857620036,29.281171513762956,0.731,0.144,86.21,Programming
17.92678940909067,52.12416338196555,0.0,24.277709658456146,18.74962313448879,39.82750647450159,0.8671615763686127,24.91409577958992,82.31117749251358,5.570552216617628,0.613,0.222,84.86,Digital Marketing
20.509360569913305,77.34099765812984,21.22520464394657,28.87780334066994,26.917199950719578,37.28500489710684,18.303233273207752,36.66625734524014,45.6574926339981,21.18761703348736,0.903,0.244,63.52,Content Writing
34.39895146331383,32.87538387564482,55.24320466833457,18.817969748515463,38.13269453916475,37.43503543137477,42.266202725820285,84.6370360869827,23.045230892322454,15.665531412396808,0.447,0.143,90.02,Data Analytics
22.476783455477488,35.56316867228133,57.97675392723052,29.972763219859715,34.69509659179961,18.872301321298178,52.925042738439544,9.440802113278018,44.57182306700679,67.25420859919998,0.593,-0.108,91.35,WordPress
7.118842363185465,15.482990565998296,10.23228646521328,73.65588542877002,39.53625656326922,23.349134104288183,16.349269601410402,35.126973492275674,30.19205747879135,28.657079551902527,0.954,-0.263,76.16,Freelancing
11.211450759221842,35.47810819751712,40.80395554874606,54.41195438247706,21.879883191730563,24.943377346420874,36.73034081473154,5.247946925735768,61.0835865974583,37.89939046177043,0.719,0.642,66.35,Freelancing
26.82701878347077,0.0,59.11143004862103,37.174027018692364,37.077366336720175,24.917976661504312,48.885039814560535,84.44316272695977,38.95148157907892,19.214258028516795,0.644,0.604,90.2,Data Analytics
28.567366562531745,20.285426215815967,89.59905938603744,16.68910314104209,42.83965451707955,32.06366670226399,48.52318866745309,44.94543017459454,16.558521306869004,22.955746961820857,0.852,-0.174,79.25,Programming
0.0,63.59842337764869,15.979325036263242,40.290563389094544,50.5204493169983,22.31115280527583,51.116665130042776,0.0,81.33188508469836,13.999058707693877,0.632,0.091,64.96,Digital Marketing
9.231327771073033,76.46654803453784,5.541730138731419,40.301809137045346,1.7041452652431381,18.64396577683032,22.723773034630366,32.6689846196456,44.196429615264854,55.4040287684829,0.668,-0.141,88.33,Content Writing
73.39098658401907,20.306020055805206,46.278826946818455,7.08506681884403,16.52267957500948,21.22031494320266,22.671939772608255,42.94416845630238,59.959665072834596,22.77706563138832,0.888,0.305,87.05,Graphic Design
52.120498520215136,24.184781599815825,34.924001159460055,53.58141452782034,87.82998187451575,38.88581124019262,34.72248552239213,16.203788916075602,31.35599279929663,40.23858324535644,0.84,-0.363,64.88,E-Commerce
29.25558114199896,27.082084141370487,82.38598082903044,20.493648142905652,23.344497054149905,29.174445054014175,23.342171416204465,70.50000617573659,14.153934747562843,18.219040160852906,0.846,-0.218,73.08,Data Analytics
19.065413980109525,30.023264034818652,0.05731192868338297,48.74332732207792,11.065545404142178,81.86102706937254,38.097444229693544,35.65916763541707,7.961164358687183,0.0,0.727,0.375,79.37,QuickBooks
28.863951968900942,42.3717670178401,55.6125130239476,19.767510385456415,53.08452242304099,21.264438679450357,17.02788912324801,25.092002519725586,64.60579829263739,5.98227874904282,0.931,0.308,100.0,Digital Marketing
26.857473590719092,32.488655155203475,98.54612502431084,31.03671742438554,40.885633574744055,23.129499807516318,16.129794107017407,59.23713788475272,9.448630046325878,46.36795275729316,0.399,0.832,66.09,Programming
19.5639453433845,16.189143363931105,10.660177476307386,47.15761820691553,51.28183976173129,100.0,0.7142851432932495,15.173845474645324,8.571349384975239,57.97541766492688,0.814,-0.224,77.93,QuickBooks
2.443743416576904,21.25125669128889,80.4398061325933,29.976202115791715,38.94174590503004,35.73508770170202,11.198826736676361,72.7515687141615,6.038824949645996,35.02707199835649,0.76,-0.114,62.25,Programming
38.921749927991875,40.227572836848054,71.48765081559756,19.16327397060897,35.55386062979474,16.88515851128951,29.097520606664034,39.0282847581176,26.82575617980985,15.73292520341768,0.676,0.218,85.64,Programming
49.5338680456573,20.476616181997432,86.4286492395341,27.8454947377055,35.0369750592508,18.973553199565526,31.21202545534565,72.05748671930819,33.01374006943651,39.00496778146384,0.87,0.586,81.35,Programming
33.7920834162832,13.110866165988073,48.11338926055553,38.451054829912295,22.230322468239404,1.8333626385661503,18.92606326818605,86.88057585837075,27.273513798626297,54.11943914320251,0.244,0.108,100.0,Data Analytics
7.3601301988307055,78.34041609688447,29.17852756106709,20.061991368071816,0.0,12.379886985881328,0.0,13.27967619975406,29.250751941975743,8.180729241002926,0.988,0.046,86.05,Content Writing
23.745120155329072,71.46478485052928,37.530495355417216,7.507512793401968,38.87505302522615,48.978028932296006,20.027734271957897,1.2472700549213833,82.35026879629008,30.81105435329203,0.704,0.051,75.99,Digital Marketing
32.9493285897255,35.57812401909262,29.432761208322557,70.21533707817984,49.77558818798951,27.491465603203096,32.565879347495745,9.505916978372097,44.38620419631713,3.8391310046887988,0.699,0.072,86.75,Freelancing
30.335625009183914,6.488197251633098,78.22707690340803,3.8383840131898914,38.8741560339619,47.15963152636677,37.39237302776679,43.649258218955445,24.841809866969363,18.959899953870703,0.819,0.097,71.63,Programming
40.12491866132746,31.75915779476377,89.71179739892634,37.58471565678419,37.20654033532357,30.94364524424527,28.130608656121805,47.736323151931,19.632397602135413,4.960293854876721,0.291,0.045,85.03,Programming
16.794979037240257,46.87601726535796,57.399451605216875,11.573020244195433,34.97690197403532,22.94350485481297,49.825885572049884,57.24742349982382,12.79974024087473,28.259668976661853,0.51,-0.36,71.52,Data Analytics
34.87658295798249,71.85653558643747,28.290426470443933,40.30938208557433,44.412419460275856,15.388653323935731,27.790704411097856,13.277709580394678,67.78679353537136,58.72093989271896,0.705,0.773,85.08,Digital Marketing
36.954285705797275,10.737266978511155,20.40494198007606,71.93720719227267,71.2848457924474,31.318440956243453,34.28768867872005,30.838443881918625,61.689281972655465,47.57902139524879,0.772,0.306,64.02,Freelancing
33.71020558215909,0.1668170975168266,12.57955828837888,11.518409248535297,57.049426639841755,4.401655171859506,22.5061374379935,32.47528156025175,35.19832023995396,43.19075031938787,0.461,0.721,77.62,E-Commerce
0.0,80.45402780367283,32.11562158252505,0.0,35.154161695835434,5.146558251078213,6.568353011144515,18.767753232145495,28.91704920709297,48.55673323106187,0.648,0.159,87.66,Content Writing
61.910373021384565,49.65756757185101,5.750858656449468,0.0,43.35027865972256,0.0,41.9128783566507,11.323397820310415,29.515599804347787,31.236383285908104,0.876,-0.277,100.0,Graphic Design
64.28356495057962,6.817132122271904,21.899024300845316,32.58829858702393,31.5114545681772,30.251141121102428,73.90778236801246,21.911890981937447,37.888443468183034,26.411352643652556,0.592,-0.248,76.37,AutoCAD
4.814929796149452,33.75663027203537,75.46072481037037,25.684566726367915,24.833346678896326,39.21626840845738,9.621497277749057,84.44879462099682,42.362226502534256,16.041386435007727,0.62,0.598,67.51,Data Analytics
86.58412464037318,36.6322237100098,15.313703951064307,20.539225731406546,10.257079009062537,17.8149317799147,32.276340066448604,30.69405087956968,33.18624728706508,25.547038850641428,0.687,0.073,84.38,Graphic Design
28.49513599402012,9.267386682902984,26.323714881277013,69.78933403542472,34.28477096019958,18.392953621152834,41.33223492836324,14.151017307271163,59.53914083361176,27.907939188880068,0.749,0.094,77.08,Freelancing
12.402652931776014,0.8122411212137539,51.02971918710587,20.21003653426693,33.60638421275438,13.070054585816957,36.11062859302794,86.57287698960418,38.38997216407434,27.917128943144775,0.421,-0.209,85.34,Data Analytics
23.90381328092501,90.57492862959757,4.815668330878574,36.463486110225034,11.647728581345572,0.0,28.855338612965923,46.851599226225105,40.86407770125212,42.70027467861407,0.473,0.221,85.55,Content Writing
49.05124211254845,92.60899935679758,50.65508593640312,42.97557385562864,16.642687021162722,6.844322654111275,36.863279718985844,56.07291837148352,33.37288572912576,37.92430154097608,0.936,-0.023,78.05,Content Writing
35.876437426668595,13.232767010299481,70.89197558363186,51.01617199874856,30.29041343180764,9.546596141834291,29.960010735854915,78.86394600748774,20.128227876774165,9.138837436848297,0.551,0.218,74.17,Data Analytics
84.85674607626855,27.675354854372564,37.92005531373027,37.2579931806321,34.922440090497446,21.127959580226488,35.59772115571369,20.763799876879865,45.518555723506495,21.09735848525327,0.538,-0.262,89.79,Graphic Design
30.57901132345818,8.330322283843667,22.243028550313262,19.850585819302893,53.06050813358567,7.67741303067816,91.58294776673843,34.105458983250884,34.94753231759412,18.983838067862596,0.679,0.362,76.41,AutoCAD
18.748388242093,88.97756424280925,17.97869985905891,12.192028466193985,46.788539115887254,11.846597718555401,42.5486711762366,23.704117031772963,53.085217026406994,34.58996799225698,0.771,-0.041,74.59,Content Writing
64.85776568336075,50.242853483428775,38.91048763241507,27.177859541576943,38.12357275215487,32.79034151127744,28.0759638633548,5.252881000140814,35.446242017412075,36.21701350619285,0.5,0.078,74.47,Graphic Design
0.0,71.67930886319587,44.10959741918912,14.850696122001201,25.953834040332787,27.076805351835723,50.090058130541166,34.149708399101655,44.49116168617593,5.696051665375748,0.775,0.02,85.51,Content Writing
4.427820233779972,20.5123251084363,54.0330608346488,9.991296797901207,35.07278999086277,42.0706361034478,29.639070091408634,78.77449579370783,23.71285547435987,46.522205080504975,0.923,-0.211,71.94,Data Analytics
28.242117401048553,2.795068484368489,48.279153133444666,32.735369356984,25.306159360715462,48.694500876613105,51.24513310768618,13.636336243969936,52.20244974731161,85.9398130589538,0.932,-0.031,77.34,WordPress
29.715959545557734,31.60763453153976,29.326870888345294,34.21611859521921,36.87426546208138,64.53781409163872,25.250522186783076,26.89026565205009,36.64271832513731,33.247906384788,0.613,0.761,81.16,QuickBooks
53.17311914566328,54.61876024289191,80.81877082117968,0.0,9.411953761837989,42.00644848117591,54.216950022883935,70.97961197977273,33.36970824902893,52.50332959308583,1.0,0.433,91.97,Programming
30.83925641913244,20.88363626475065,45.074743025142546,10.840613164893256,24.907895450289306,13.15234865230276,16.391750236533184,74.85315017428319,32.426485259200845,21.260977812185956,0.576,0.087,89.88,Data Analytics
36.65209857934164,7.133881273436014,38.354609365349866,14.947077258969474,29.036380659123516,0.4487130351517692,90.85164934075515,48.889682243456875,0.0,29.726716902355196,0.686,0.149,76.74,AutoCAD
31.8839637275926,15.008629714774727,0.3888154041777252,0.0,74.52661803157119,23.47028738555121,27.663653731764583,40.732987516025645,54.13458860995278,32.24159802405864,0.57,-0.147,76.19,E-Commerce
23.90419536861068,37.27423730705453,11.450757326350097,13.824932393923625,14.304653783453162,50.60425059088075,6.04045628450579,5.182879416735311,59.791928025802136,35.87759334186566,0.633,0.026,73.41,Digital Marketing
11.69758862588976,32.682622612961964,73.138983944439,17.70566521298351,34.66373631658688,21.89990277175456,48.868061291335714,18.67669629983375,42.742985513266426,15.408581652406802,0.906,0.032,84.53,Programming
6.3870416482181,35.441094065620696,18.1129927832312,11.428446468129145,54.82546611256741,80.40687286652793,39.620251059495246,15.857228913100663,0.0,24.648083033914972,0.558,-0.395,82.41,QuickBooks
24.169227181905637,3.7974097355883485,40.270195372928285,5.680222455588286,94.20125656814355,19.845406212922633,23.586374978110268,30.04397787669865,36.75464439266021,46.742823187517565,0.527,-0.117,72.54,E-Commerce
9.656575628595027,53.54945126947669,53.740501283826546,37.61954093430333,45.091130731095994,23.417742219038995,41.81802664600797,45.98837771791765,84.11539330155303,42.96352861890011,0.482,0.251,84.88,Digital Marketing
53.797297215499285,68.69791540846249,21.514173515736406,37.37083570885302,47.797666929175236,0.0,2.0536189177796302,7.680458130482222,72.28083583051827,54.74857661251638,0.768,-0.065,80.79,Content Writing
46.624210968256484,11.78193105090737,16.634596330352633,14.939598142462891,10.439272239592755,5.4263166313058555,77.7080353827721,17.505547054156306,24.622115396076666,39.38103860034885,0.832,0.042,77.45,AutoCAD
37.39302290989711,38.922212317946325,37.20948774045159,31.579278880267516,38.7934543108855,42.7577366859544,0.0,81.14054498256532,36.430184593217874,16.26360446782888,0.486,0.311,84.21,Data Analytics
20.580371959113037,21.968998045201122,64.45194247741793,22.930153816975825,6.714839947554836,18.911289395056738,25.59065491502483,21.935294076698632,18.68867684464963,19.3567291831025,0.534,-0.161,80.78,Programming
18.887938051073824,16.88329737486471,42.74631941988109,11.222224456788831,60.21830402829988,17.11275895836728,18.358083526803114,76.06281556505888,35.77371540145431,10.557300448982481,0.482,0.81,100.0,Data Analytics
31.279563642666336,11.181180369355502,98.63810681317449,15.700661589096452,37.59632661885805,16.743200292599266,8.15942448903573,44.77120333160531,18.7647914994258,15.110024827024999,0.642,0.212,77.52,Programming
9.43100931107082,74.00221802087725,33.09331497608593,19.660754815515048,14.727712543549487,2.4462664993711662,63.93473212109281,40.1892888006637,29.714241279930192,52.813036905872025,0.867,0.043,89.27,Content Writing
82.50286589969404,38.5849866132739,37.94929075514982,13.44332384664439,23.90985724488228,25.979933106307925,30.00331983384195,7.4972961524877135,61.10645043443748,17.34573563294257,0.57,0.019,73.27,Graphic Design
23.25692165605505,86.68888966552164,10.710099204268042,36.96034794988199,20.933465253916815,15.885077570721183,21.521805595547967,38.91827427186238,37.480800571008615,36.838421355784064,0.666,0.151,93.41,Content Writing
27.125004373991686,29.94068772981014,51.32083432619379,40.39628488128325,49.78135832741346,37.647836514439796,43.445981128379685,17.613493182655695,39.275086762304724,26.968093082090604,0.59,0.098,68.2,E-Commerce
29.58431139581165,62.38912746414856,39.067412531420544,47.52461166364504,54.621114566454935,25.540898773319054,14.713995880414895,24.446456569115053,87.77001676484608,5.05972216186402,0.892,-0.19,80.51,Digital Marketing
38.84964944279422,76.27444991635936,12.808512227673345,50.44539750292855,1.6920133913346458,25.581959908383986,56.24487432384659,29.710784847530917,35.63641787618441,45.723876848448455,0.73,0.128,100.0,Content Writing
31.112277486306393,1.4100882143195577,21.53491495125902,35.63170219076041,23.92609714013217,17.746707424282054,75.45427062834311,27.218905001565552,25.1651960815021,7.683739528744569,0.52,0.407,87.09,AutoCAD
5.3057279826437345,27.812999169961905,26.49041663285972,52.45226562841559,57.04550568595127,85.95633591786005,21.190990911527273,28.2808722899225,24.93407778024665,38.16284196626612,0.522,0.233,57.31,QuickBooks
37.4921747755547,31.700228399603375,29.27750130700147,28.525914071356546,80.05169185256521,38.50970331384167,50.47025653831024,15.40053889639119,64.6461196373293,33.49567131586296,0.894,-0.057,55.22,E-Commerce
34.77579227878669,27.40304047414302,35.99626030316413,10.058623335241927,19.335150235913268,37.31047714098408,22.71148980837312,8.819214831371314,62.39727214211667,86.43067180109432,0.854,0.043,50.88,WordPress
23.362538118219504,19.377463693105103,88.5446357237137,27.2421780222859,24.549201950440597,36.81117084529426,10.914787107131076,55.84328506198068,29.280809005501254,7.661946458347927,0.865,0.11,83.18,Programming
0.0,31.14798327674487,80.14785648740117,52.15045690628433,27.055540054254443,20.742710016776428,18.63125170502584,40.82802681757792,19.005807755462207,12.36726303558894,0.365,-0.011,71.3,Programming
16.6202197730893,21.715692593393804,67.1531727314933,27.932611282145277,43.63952617845517,26.680636123079278,30.02022114583573,77.47465140335342,19.495234539189006,21.903095033746645,1.0,0.234,56.35,Data Analytics
25.797733950477735,40.68756568901116,84.90784283793458,27.617436829095993,38.8605563535038,22.99525036978843,34.345371722898875,58.156647713769736,28.318730386061112,23.438614263843018,0.965,0.147,76.84,Programming
28.5963265912641,23.66641135061039,81.7476949344973,26.71052113283268,26.30768370641942,24.3103555917915,19.565262285223152,58.58907100495972,30.431510780496716,35.61544773492837,0.318,0.098,74.56,Programming
25.999798122251473,16.521948623863455,29.631160430683025,10.328661877511143,81.13996024195983,25.238604839263395,35.247653399099114,22.04667020990386,78.64104020242905,22.293027490168228,0.772,0.178,88.58,E-Commerce
21.996795287581133,22.317520292888915,73.05421777264817,9.166240684110504,32.415351896292194,0.0,30.333513734796703,58.498845570864454,43.76362189253484,24.241065045386133,0.832,0.091,79.36,Programming
40.78228951936719,12.30852053690132,87.21448962066336,37.723458208799315,36.10562502436654,20.957576380815137,18.63238678097359,54.16090028680128,25.13792382054828,29.644663872525605,0.794,0.048,77.59,Programming
30.502098744348793,20.452646812851984,98.9280269564658,59.52710516035167,51.306388930665165,10.74593748212013,28.962286724434286,22.267439471403478,36.4332145800949,31.89275802080812,0.584,0.458,95.5,Programming
23.98746795446957,75.42917963441892,13.830158735941781,16.217813297014185,21.636252774304214,39.503682181195856,33.83129744984835,5.705496454020716,39.11675636257522,44.5354710445064,0.698,0.238,78.1,Content Writing
74.7544756427499,22.84305132292392,54.298977096867034,19.000202844792444,16.281552461693746,15.097725677263373,13.479667552667932,8.10864566820283,36.78960309961556,39.162648432046,0.627,0.128,95.79,Graphic Design
4.358782581024517,38.45849237874391,28.576688509396295,33.3225300273525,33.12214175202976,78.2179354700102,15.604591838584046,41.3884107611246,38.577464785298474,7.135086020153192,0.47,-0.222,86.61,QuickBooks
3.646236307348355,25.839713338176082,86.79995670697086,19.529714398441307,25.472987844033483,23.227207767911764,5.736996512271116,48.75067504117509,35.78070575260611,29.940708462347466,0.312,0.281,69.37,Programming
43.939531811655,94.20059833417793,24.680298362941627,9.38443525036143,22.838220157509454,26.80760297402097,34.82039880228364,25.877117063830845,49.46522169224686,32.46241432150618,0.509,0.255,68.26,Content Writing
34.82296463579253,36.68245195725754,39.447058718592444,16.984340705105403,72.16285034606194,45.203252567158856,0.0,1.3375794047804277,40.38449882473539,38.668064082372545,0.517,0.122,81.72,E-Commerce
14.398043545149779,24.68079227623481,49.229742563635426,44.5043207620423,51.84807956089254,75.71587818735709,19.124014183313765,37.13761351000344,19.044962289764698,18.670607921363395,0.565,0.355,98.9,QuickBooks
3.9866503038686716,6.5190581115290325,91.53532318143519,38.53357935882555,31.98692078016807,16.900029698088147,21.421003806122727,38.26871094111831,3.8599118168161635,52.2795778449852,0.876,0.066,86.84,Programming
41.50934379415963,30.235420644722602,53.46017016478212,33.091906065400266,45.35411145167163,20.744291784445604,44.10197116642637,87.9635634704038,36.48699579581793,31.95649025355005,0.512,0.118,71.58,Data Analytics
27.336946600766908,100.0,50.41047686508496,40.31777516672332,21.258813483499814,52.73892007882995,4.185634097905716,10.682798534541941,57.05613106450736,46.213100205454154,0.484,0.145,68.66,Content Writing
25.768675821280496,45.69109151829472,8.260275935145929,15.338236146240659,84.89167852203133,20.078421036552925,49.581048082687026,33.62728535683287,40.16893863157991,53.76494142622357,0.696,0.054,93.02,E-Commerce
12.304630526718718,19.963613090061646,19.330829147882724,74.64886396224077,44.840981628478694,24.413184291771934,38.008214923954355,13.725622417293955,54.78322577423097,12.771860274142654,0.326,0.205,58.47,Freelancing
2.473674289209997,16.315773134533956,23.917864546288975,50.83271121717222,53.66045674819437,73.90473253523193,14.84846051553969,8.139021183818755,29.75396642138148,19.008332782992383,0.844,0.543,92.27,QuickBooks
81.76302319601065,7.074867995963263,25.298986402743854,9.338010327201081,11.425653657875902,13.479000109583929,51.66327072758898,15.373313789456631,25.373656149752094,3.0703266729782683,0.652,-0.364,86.38,Graphic Design
15.813775451142048,19.79252256736187,20.55052585451906,32.092390985228676,25.991100869329028,16.482214432163914,39.15760002051184,32.294329211985364,71.2695575286517,29.05248000195917,0.817,-0.061,45.71,Digital Marketing
43.1607298384163,39.36024873061369,46.696352272985784,33.06564193169941,30.58444960212025,31.365229823323574,38.08726426495554,91.99422236546403,25.393919121204014,30.351744734759684,0.694,0.4,80.86,Data Analytics
23.759872659179365,6.644713523556483,40.7619778913771,90.12518721000146,51.58833685129244,35.781144354913266,20.462929249037135,18.78151068817474,52.3698915185015,19.401388965870495,0.581,-0.033,52.19,Freelancing
8.719431898178286,0.0,31.511646187412985,44.098359103542414,97.6295666696381,10.648685429457842,38.5279429100183,29.246838146376497,57.518186032580736,21.155499403047113,0.699,0.382,90.15,E-Commerce
60.89323399400289,41.00352171719312,27.192869105247485,32.16409443439491,28.265316774226232,23.144522752830042,35.197218068272626,44.2192576872408,38.11640325781212,43.03111662549607,1.0,0.109,81.89,Graphic Design
55.95884518480736,21.946429572849105,13.491647136233686,68.69102306400927,32.03759634616833,40.87357480033345,83.96956591828422,39.32833025660404,15.812792198070325,1.5668883140600087,0.391,0.103,85.69,AutoCAD
6.663007801070478,57.01169316836795,43.35091503158199,0.0,17.218649565971496,8.853584431632497,1.3359873905610957,33.543572682123866,21.907794295937776,25.66347953597771,0.862,0.273,87.98,Content Writing
3.119112372303343,91.15090444543026,28.900758061445426,24.70832526241503,44.673523783698386,32.80069099763458,31.434080335129252,21.387691819321418,34.4310698134203,17.47820226082167,0.725,0.01,78.76,Content Writing
19.22982386656366,16.11473132753116,29.825205166933486,19.701913058764802,29.681138229101684,30.3866773506243,72.80355649402532,76.24392456380494,32.003829717701315,33.596037291927324,0.668,-0.042,100.0,AutoCAD
28.00152958011137,37.141437030796844,57.299071957421376,2.217807722201,29.881418493146416,24.82635521159248,11.732509434086156,31.562068435820695,48.45074981279227,76.65858497749907,0.632,0.318,54.45,WordPress
47.76198278842418,39.16180022653837,28.1598764607701,9.825124587573871,22.120270315499898,31.037528701910205,2.000245207268609,29.059323060561244,64.5830969220944,75.6038588434941,0.564,-0.122,88.63,WordPress
80.48634079103422,36.651056057887985,19.64100562617584,19.53574512487833,45.560997155119345,27.342564560884774,36.282985203911515,4.234114205650385,42.53088302415187,18.31924615250872,0.778,0.02,63.36,Graphic Design
38.37178315890549,12.354039349295373,19.551575854380193,83.38521427881159,49.10097409376494,24.57208081806861,12.877915957087916,29.053864383299377,55.60470444679569,0.9082903558326869,0.823,0.062,100.0,Freelancing
20.646433879057625,79.9133682476626,45.56927093074314,42.27515173828703,34.38990290384477,25.26798662954423,22.967752611884347,30.861476621936127,39.48961406947814,23.315570970702606,0.458,0.279,63.14,Content Writing
19.48846583408352,76.1051328449811,15.661514458649393,35.43492653559431,39.3661047761415,14.906361594811568,11.006533013483857,28.303510091931045,35.76684588853576,24.145075912929464,0.882,0.091,64.24,Content Writing
0.0,27.420508444528007,86.03062895729354,26.67114543011162,31.143444109806346,16.800099031282087,9.692567919716863,44.19214062040352,31.04661301187863,45.46336255120863,0.563,0.232,84.92,Programming
24.39320602730367,6.435161049113735,71.72193552558245,15.898149911785467,26.684922386187484,7.74973555718688,24.588689369540838,49.54238864581821,21.204041401509745,48.53925020069747,0.6,0.126,83.55,Programming
88.91589450833226,25.71789411457761,41.97530360903371,35.516191690956575,24.365157948054616,41.81448996145619,24.47572742086417,35.72409639833868,54.78670678050807,27.868201259473146,0.462,0.321,78.04,Graphic Design
13.058784788582347,22.2520767465271,41.284832748996365,48.702594879635114,8.17958215618674,38.65947701256443,29.948349452290856,0.0,55.64307623418978,95.45504060493799,0.544,0.112,88.48,WordPress
23.834204216910376,49.52834308594038,56.74788463201879,18.846077342096713,48.14291220539346,39.33538206731474,23.931678616814906,89.05187475261252,13.493757189454259,27.183792167289997,0.612,0.123,73.17,Data Analytics
17.120290892063604,35.519248129731295,16.951764777068767,22.355777037251183,59.27215318764241,37.54468542689724,28.90549268997902,6.126703981020556,68.04313387371624,41.143435504234674,0.644,0.082,59.42,Digital Marketing
42.12950122379712,30.953683490294814,53.517606093648745,30.045068311546167,34.51069717258676,20.333802549146863,25.916675101034638,82.41020968440228,19.139868009572922,18.403917790186288,0.558,-0.043,100.0,Data Analytics
17.574857411891404,96.32162067867239,29.861183233875188,34.32404757856781,31.11604265978007,7.8535224817511065,45.87614104956907,24.893925685898363,55.884472209976614,49.04509801754181,0.49,0.295,72.71,Content Writing
33.94251411315461,65.51429472641237,6.350012951171239,29.01489614529776,22.76847548128257,38.19262562662683,28.719028324838035,27.925149708366003,75.64796048205709,44.54633827566906,0.757,-0.169,92.46,Digital Marketing
39.97264182607033,36.98330486940926,50.44469894533074,23.952644214102563,22.77561279128669,50.7247155508423,44.215613124723,76.22523288841559,27.538477302602786,22.233456061808834,0.841,0.263,73.84,Data Analytics
10.63413278910085,28.689182095538627,89.3468287832635,32.387489766477614,24.020853187663143,40.64185374681168,18.620207059307734,56.94241858935849,18.195581818914533,46.99739525182762,0.838,0.023,81.28,Programming
27.89921265074107,42.093772935244274,36.47982637174883,37.30874198816075,25.706219661703265,29.610312036289873,0.41089370996374086,29.82818369061681,33.4347730744273,73.69596017218208,0.723,-0.393,87.73,WordPress
11.959111017324936,52.94860538267861,11.146213732325096,20.839204755872306,51.82699580200476,16.00483316855016,26.81985522967093,30.429568001851372,82.84515010427839,14.189059758432613,0.7,0.098,60.77,Digital Marketing
41.27666573438768,16.005623297029267,45.19141635771047,75.16275014667497,23.819605827566033,30.337180999176333,27.107161109276376,0.0,57.42798876485155,14.789364039821766,0.763,0.194,54.69,Freelancing
35.368358552333234,87.30260547383597,38.85091574153127,26.879951609325005,14.636023806674212,13.027236878341899,0.0,8.355661203410113,45.741448720965636,37.76362790620388,0.768,-0.042,68.39,Content Writing
0.0,37.39192585305919,34.21414342400061,37.57538079610924,51.64401670230149,58.96960886511842,36.51039642594585,5.051971165861584,35.04983115850803,45.143916789116744,0.873,0.282,100.0,QuickBooks
31.310431068781583,29.639200175536093,20.70987950494176,37.20936706426382,94.29151193429962,33.20547529622138,4.753700056820456,32.335354507401924,49.68672918120133,54.458190110186194,0.94,0.214,57.34,E-Commerce
38.65865342733577,47.486401263596655,65.32419079338644,35.908228858997084,22.083872179077034,37.059648132014814,34.96159683013541,78.44057538282253,15.453341818994367,19.942629208326668,0.878,0.749,82.65,Data Analytics
29.86108536687475,19.461986878819854,42.28167259449036,6.863260347746715,22.55634430961734,15.35559226262005,50.724458854359035,61.480220012418044,20.528748554879435,10.53159120762643,0.949,0.133,100.0,Data Analytics
12.181949760543782,19.68264463286925,63.165138755564946,40.82123743536604,26.42439099853755,22.55975940061823,33.004155771340685,86.72752991644822,45.851796138908895,29.704797335604574,0.618,0.386,83.43,Data Analytics
29.197697953515306,93.64921178430656,29.14147224210639,23.94009459877289,48.67292579424972,38.4728947207318,22.985958899468386,0.0,50.405110563507506,35.282779354240354,0.598,0.875,68.77,Content Writing
40.081697434999356,22.468714645246447,27.286768870952844,20.584620158179604,41.52567240491786,12.979587214869204,94.23496784602037,18.56205374398052,21.09265211004163,31.153753898394424,0.97,0.282,87.43,AutoCAD
34.78023735819003,68.42512805258522,24.959608389912788,23.640849339226296,37.28061053700539,42.088788016810156,28.87032023648655,28.83452069144179,86.26202579183881,0.0,1.0,0.108,89.42,Digital Marketing
39.30406968825359,12.416115646222105,73.17384008001011,19.327588061765205,13.216080279926164,29.565933435225272,33.593750607102955,52.92843503258427,9.856286705664447,20.33959548781158,0.526,0.293,79.43,Programming
25.426929852594824,93.53651432208954,16.250536222466387,27.433280896585387,31.15541176369,36.78569630769514,13.621155500065868,14.548306686389816,7.9714829172434705,52.75250897425382,0.591,0.643,73.87,Content Writing
30.324823564276038,100.0,17.526242468764078,36.75624400740622,8.021118291236855,49.929643169941556,27.388093103497656,30.22132476558386,68.64794419257169,35.66332447741703,0.992,-0.027,77.51,Content Writing
24.923105962534027,33.40177221732097,38.54562451705993,44.646769482965254,54.237231670877605,87.67352918485143,0.0,44.860669043296625,14.568197232316727,17.857793851979643,0.443,0.03,74.21,QuickBooks
23.804109724138648,24.808351987765835,38.043957568587054,34.8280102238692,77.80347760604948,19.32595257631617,5.624160644893918,0.0,55.30342041293875,18.878826519330357,0.763,0.132,80.85,E-Commerce
19.07081546244317,16.230625395869954,65.40061912897065,13.707332420782693,33.64525262576719,0.0,35.76210050076211,69.4932743656675,51.57270582626805,16.815309247061986,0.509,0.067,96.2,Programming
0.0,40.038113984137354,39.08068696743499,13.049391149052092,49.76530672700503,83.90449381100204,39.264176934891424,32.17653780786377,31.093550609038637,16.948155366969125,0.896,0.046,68.76,QuickBooks
12.287582882311867,31.687276957471333,84.77810867326075,14.119031327171559,8.29523459230693,18.706072572364796,31.852684884943926,48.40938954700633,15.725966220623878,46.25046288010143,0.829,0.102,93.05,Programming
13.7433514766554,14.99266966254143,46.505988831180865,9.875660141244317,23.36121067896051,23.015186755821013,14.00285411219577,30.302951872051448,39.78896720137617,86.43043513196616,0.558,0.102,80.23,WordPress
37.67931703449142,27.73368952015564,84.91549673719635,23.498344300594393,35.33883274788131,25.35049644393643,4.6736212887998905,31.926999101512703,21.95397859971228,37.5658418446982,0.834,-0.097,76.95,Programming
33.365176297436676,0.0,31.16822157932878,20.538884761618952,28.842696072605996,45.99516345154814,87.5906433616913,54.37338600455967,23.021376511962554,25.17227564971451,0.273,0.268,63.82,AutoCAD
23.313482658006976,35.138522418826426,55.32468220595172,16.200218768297702,35.57889956757181,32.52131862870012,11.006771609293725,64.24456116746067,25.54393396582228,26.132372497271554,0.561,0.236,81.1,Data Analytics
27.96093295342525,13.458449757288045,76.94279357293703,9.774862188166953,41.35548825012981,13.911673074553292,42.68701783370031,38.26570425262981,9.046829888584991,28.229722096873118,0.9,-0.313,89.72,Programming
7.934609876485528,27.65770685544829,37.047871982190316,79.10118683402676,30.515870526668568,25.17588074302203,3.1927214350401467,6.057360550574231,67.51337469823294,27.560434765480927,0.749,0.05,69.05,Freelancing
25.3323366604139,90.25144755330366,18.22009472344715,6.042486605446978,9.569247559341031,28.924489552567913,10.265769583672803,26.88274292394233,43.250151616769514,48.881228399362215,0.743,-0.25,84.9,Content Writing
36.529533362779986,0.0,89.25185787160912,27.78526070858157,56.51099018760121,21.085319391555966,6.278095963703687,41.549567620742295,26.898819998641443,26.600727952422858,0.593,0.374,100.0,Programming
84.23911998983068,73.35781379563221,27.7416729155209,14.867781794225667,31.395113949509433,2.406591067652343,32.97741589159725,38.851336930296625,43.09872287517285,30.52585624237738,0.587,-0.182,76.19,Graphic Design
15.744737930936097,25.16490250658133,80.82930450863633,28.758361893307622,13.28771381325912,25.918986016204343,35.107603562910235,53.01946868490009,27.37312092668853,31.593822509439498,0.94,-0.042,88.35,Programming
17.676983983545068,29.38760259906093,77.9255351614331,14.434112122690516,41.32771383882582,5.278549005305326,25.68099850551128,44.01364967655266,11.448089174548436,24.993130378069203,0.56,-0.044,78.32,Programming
30.53207197258134,39.80945441997977,48.84502316247558,16.144650836183814,85.88935716298332,48.981626918244984,16.345496648113162,19.80313927497902,63.11277520317539,53.33436331278957,0.615,0.337,84.05,E-Commerce
34.120946788321675,58.171385155735145,13.210203788581795,18.75516732699639,41.20022986670558,20.132922522451686,1.6340995229220106,14.376922981619948,86.38113450282724,31.477995428508738,0.734,-0.033,69.35,Digital Marketing
9.409726431541623,100.0,8.299217048682658,13.874761314695458,48.055309317695404,49.66731706296362,47.32389155242227,31.614259179459122,61.095662932169105,27.777224901126726,0.812,-0.211,73.29,Content Writing
25.942826166662336,17.10151268839568,27.9950248263137,70.83031803956092,55.25142650307185,31.038334594060522,40.859119599990706,37.57112562830273,51.39969694268847,18.24931529482631,0.664,0.245,82.2,Freelancing
21.5162265028153,7.1660221583233685,29.823517645316194,10.68107049711502,80.32488811045475,28.031211747405692,29.26987254739542,21.386768067965505,47.43124134406913,34.12061428229215,0.531,0.19,83.87,E-Commerce
24.917779657027,46.893457996576366,63.570972265425965,16.48945752996558,5.812308875059408,15.614841809881577,13.354853221050769,74.09757740177717,34.374102663920546,54.04885689224812,0.41,0.315,71.97,Data Analytics
15.048515054165572,32.365735364905724,35.357396541146684,33.56776514961098,47.59345331185391,85.18917409384227,18.279942772894884,2.362913969631487,30.404822699976137,15.312809041220934,0.407,0.155,100.0,QuickBooks
34.667347800036474,68.32014008084711,46.92588929557124,61.76170384233228,0.0,54.953551573018444,40.843400558713704,25.60097833374873,45.28898733466794,65.15718311904979,0.548,-0.06,81.57,Content Writing
28.48099979613166,0.5472854798062841,40.92898101981691,84.33724602378253,49.98513540901984,33.00168605160454,22.578801855914808,24.57078130721163,50.08876210885022,23.284206869033476,0.493,0.534,69.74,Freelancing
10.74159127434176,59.48611648093383,36.32006790082434,9.767079186934911,55.36793081614869,13.755870509430446,15.117541430716383,45.48217280186349,75.33989471324595,34.97244448805444,0.783,-0.036,84.79,Digital Marketing
69.0817778211983,37.96519110305343,47.681237627527636,35.84530004959297,29.020721033799102,19.89337723404809,47.87125972892207,31.204541016010563,49.62170243601183,11.087873859139444,0.884,0.157,74.22,Graphic Design
81.48059926913695,47.14235983692129,30.054076009867927,29.10744034763895,25.195213039441324,10.164145245689122,27.440499646631736,24.32424916411837,50.73612323124259,6.191868772112704,0.857,0.212,74.87,Graphic Design
53.32314570627822,14.957612105890352,31.77958774514557,76.19126588190996,34.386582416962526,23.747732299019287,0.0,16.343863349285016,47.106517788090834,25.258152750392345,0.652,0.036,79.71,Freelancing
26.25453191657698,76.98453564751998,29.75598536089791,28.510179648382806,25.915583477620117,16.51270501412285,18.042220364308214,28.015561548104525,43.86134083643023,31.461643521861923,0.785,-0.168,88.62,Content Writing
29.38649930457403,71.8759119197586,27.449443933205078,0.0,24.58681412575474,2.9057149564279783,7.303526505294469,14.31399063926649,46.25893471801586,51.231027183285235,0.74,0.077,74.59,Content Writing
26.384342065094273,66.54976915424342,19.321219312316586,26.131046493553146,21.896463960045104,52.94001771155624,19.911247419655336,38.98303058999343,69.85082413848049,52.640999335554895,0.87,-0.346,90.57,Content Writing
0.0,34.84426564204979,49.217752489572376,35.67519803011861,21.985942165132162,20.966308184537063,10.627432481556632,93.71433739047359,72.0933713044866,45.96606804725877,0.698,0.535,86.18,Data Analytics
24.293775153017496,26.46304793094028,20.17511199477442,34.03372303511668,81.6884122494912,36.646751278292726,28.697345114503225,22.76308613208048,59.96150518860994,40.31779748273332,0.901,0.293,86.44,E-Commerce
42.50963683763041,63.324409435439385,24.999436295659887,2.2912848547095024,15.078830436968337,1.5248063877945075,53.913905987881805,18.018935760643473,60.180854588797274,39.217138708830944,0.84,0.412,62.47,Content Writing
91.19198720376065,27.44098360038202,34.08071721700862,38.64007050215794,45.45858538343741,16.284959549478447,33.18864831579255,20.5459635748937,35.623046673312324,34.45357383373495,0.57,0.18,59.17,Graphic Design
1.5552273149439415,24.239486566963375,66.73550964105166,37.97619965822233,30.029823705944345,33.54978841518884,10.815423259895656,82.98137340250459,26.099534754741043,42.67573386703158,0.66,-0.149,93.57,Data Analytics
4.531356561840816,52.215315789623304,28.175545866886143,21.840875426871733,13.940692949264406,28.64060407969784,61.20816563561587,32.40278897237495,37.99073031978345,22.470189159462038,0.422,0.233,87.51,Content Writing
3.5784866679928813,9.770171316086525,79.10223202746215,32.95008283055715,29.585207880848493,37.8480808162498,19.107297655742272,68.79305013353651,21.11637441580886,31.46895485554559,0.523,0.332,81.76,Programming
59.45935452801659,19.134615029259237,46.12012066095281,36.16602165377005,25.16440274166383,44.21507203258433,5.561711113411864,7.467794240742901,48.09605452120312,18.42851881949233,0.594,-0.547,84.03,Graphic Design
48.77414047589036,24.811377666850287,18.944071172306458,24.236887716313728,14.943583149777918,35.755994615497755,78.86757121481169,22.380644742665762,12.513811548148,6.644533590657944,0.799,-0.15,68.95,AutoCAD
14.034649222612224,28.10239919334884,84.57959808349665,21.683150736267578,41.13068941067626,34.77057261953431,11.0500080565153,45.460717699679094,20.40287453432623,30.567172177241957,0.739,-0.207,100.0,Programming
73.45834169854263,39.95597298250919,26.83165674750819,32.421240768901,25.406478418715725,26.25602990209296,3.6041734049175673,40.76193935218369,35.64208896625225,13.486558002191826,0.532,0.085,79.12,Graphic Design
69.3218606134227,38.37705775583696,31.930752013505874,14.37740482428461,30.367460484230623,28.776887880092954,5.7960058594229,30.073610052607634,35.205454675382455,45.10949226612665,0.837,0.095,87.21,Graphic Design
29.348933625531366,26.988223997053048,76.05645666579969,21.05095964089424,33.19200915086035,5.390109673551109,35.769609844368524,81.04522409906379,17.716899766409785,0.0,0.919,0.131,52.97,Data Analytics
27.029893076912824,22.987713514043644,53.88542084623062,19.22453994386273,32.219383477137576,23.05333256118854,39.17094398344964,79.04700942141012,23.228589960333423,9.265568190002035,0.348,-0.177,72.29,Data Analytics
25.481520618301793,61.39560204953471,24.2476270769047,7.601279845536219,49.19487095213247,10.975050226812812,39.97520475498558,22.124415698944738,88.31630705080163,31.04870021656338,0.658,-0.026,85.06,Digital Marketing
24.61812183239174,18.001971338495938,44.59530184344891,19.50407398958385,85.40556068215119,18.03862996894619,30.80748480072983,23.534833058785154,56.615278513445006,39.83559383017285,0.673,-0.23,54.86,E-Commerce
0.0,0.7363012929765951,1.1719249987900362,13.060288194765642,62.80228614281509,37.086448411975184,24.41715706372336,31.966487322144467,39.79959517690296,43.5542818045458,0.679,0.513,84.29,E-Commerce
24.51053834072827,16.842529095227306,35.195353087223786,46.90208508596176,33.52292376810211,10.731335965605679,44.55329818159777,15.916207059481252,57.09058573432267,27.731454501246112,0.944,0.61,88.04,Freelancing
61.130065590353695,45.36463236576597,13.990858656890671,15.828394488267508,44.413520528092185,20.666496943637345,74.09287257356124,11.518252869364368,1.7147228635759468,20.770948157414075,0.861,0.293,99.97,AutoCAD
22.299937931835686,20.67936876507335,7.574683519188683,60.41069220955581,37.02823854650231,18.527571380922947,0.12056596978562517,42.326016896205815,58.14830942477944,26.660005600005732,0.631,0.165,61.38,Freelancing
30.64314975924664,30.704178002291826,36.9233336206328,30.524457474345468,21.554086083094926,43.931142676531394,5.650649763048968,36.611641319062635,28.507715032211685,86.40660323503648,0.203,0.223,72.89,WordPress
27.70652052663401,82.74264256984308,28.10713733906769,26.47808981837361,22.239830884941703,19.536604126839727,18.072820366752175,31.299851895386563,55.113141021120846,39.605040546380984,0.722,-0.171,96.83,Content Writing
39.185271032222836,27.02346568260887,3.6037965471834976,29.27598087908384,61.39030123108919,84.89881535480784,2.9941742922528434,33.64001554259592,7.6001952025400525,24.068202864130832,0.709,-0.108,90.74,QuickBooks
33.002112698930425,39.03316773425,100.0,23.099768358312478,25.783123910244907,39.06109818207127,28.5620946955932,52.7535800158791,21.027358775959595,31.98982499172394,0.578,0.123,76.28,Programming
14.22785825661129,32.60898920054811,41.020056330060065,74.15838161990513,58.26066182527086,29.20708650881439,5.749973526557252,23.483712405281917,64.95801805123186,0.0,0.695,0.124,66.23,Freelancing
23.88821656007906,13.491769420877578,31.493108557845456,8.324216203809613,83.07278406846233,17.00494079498564,17.97664382797081,30.57502562812024,57.77363388406951,45.881196723905056,0.838,0.09,78.01,E-Commerce
40.04010534618454,39.329716625288384,32.65876978458229,60.8649411301235,45.59390203665792,36.11045040244639,12.850608956419094,32.42168913290041,41.44113476286843,6.729123685008055,0.374,0.477,78.72,Freelancing
41.10913375498346,30.834622970275877,52.509574041842484,14.869339754623738,11.540030930589236,25.06065751986631,21.885936082409145,56.40803276912919,44.62175248138091,11.472250869840765,0.746,0.176,86.92,Data Analytics
14.674230192749501,24.374417099012305,28.355822161680905,15.939385847275718,74.99029553135526,39.33295645678878,18.07304485811591,42.595814624759456,46.968014835299805,36.5938531071785,0.838,0.315,54.0,E-Commerce
27.792061675678937,11.44294665264366,41.89907065626093,9.754498615827284,27.56345405664173,21.77353554213786,23.08462652514087,72.73842819829568,18.47707242337653,7.793076999951442,0.535,-0.15,93.49,Data Analytics
31.202921639227974,72.53026788577871,16.347041970584733,17.77243255545094,38.1481072335145,20.789054115003758,42.38173287528855,10.264507679418918,39.04056232016455,34.1684566114951,0.823,0.298,58.21,Content Writing
43.39574527617013,40.282081042143105,30.152274825455137,11.297824212202697,35.6533274176346,14.848248889073751,58.09595106244417,19.534799246690547,8.94647677867312,37.21843589893596,0.733,0.221,83.11,AutoCAD
23.776883541371227,12.441342233872456,88.3923616805185,37.49360500781293,25.890976597680055,22.948003065514012,36.8458515408425,60.44672794485589,28.95718131206476,27.04029257796779,0.312,0.887,95.85,Programming
77.1641051987616,38.9700327329947,22.422095579993346,33.07426265324358,17.012557694431244,22.187393218746585,31.24429769035852,5.939447487777889,41.215628619521034,16.428345634686494,0.937,0.076,60.92,Graphic Design
24.172966761999792,58.97963023913448,36.830100774795135,16.46126139606822,28.161832361409665,10.725898097242549,44.99046537421131,33.14685843334304,64.17450350535792,42.179494494520846,0.504,-0.139,64.98,Digital Marketing
26.126982641493292,22.85947373953988,76.7853936893597,35.708083010521634,44.67558599740731,22.77311797614947,17.895431365643915,37.59876397918276,25.452737063902923,14.656878251723292,0.517,-0.163,79.68,Programming
23.244853180499682,61.79529865032778,43.73996690606426,21.210719076848363,41.87251453052169,81.7405132193548,48.57958400101894,0.0,32.6734347478605,20.35579217915403,0.823,-0.322,75.46,QuickBooks
5.059165895741717,27.57514393108725,37.05053078739561,37.84354722265839,74.59974760225498,39.76280899720923,19.002774521993462,52.12467171384843,44.310698530399506,36.98817570727091,0.767,-0.304,76.92,E-Commerce
38.111647639987595,21.95975190468152,40.734965637902725,4.762056305281945,22.919682113086598,55.452520101371206,73.50368033585684,43.947305196589056,31.8172709360271,21.818642955955717,0.922,0.02,75.77,AutoCAD
39.67614354992148,21.088798925641495,92.89975718136685,21.134781335045766,36.16094215575954,20.539592724680865,32.24739830523822,39.06384107253516,9.048202598942932,16.88359050877159,0.542,-0.338,88.26,Programming
86.18508210085675,21.12030642252327,15.697027478334338,30.549918092360024,25.335817557649037,44.86569379243285,40.382163796119954,11.985186142957602,41.70989853440688,18.53231153669744,0.466,0.24,70.44,Graphic Design
38.85081150257554,64.29838904376632,32.238793893795325,21.6773563752281,24.54766804168648,27.928100595652957,30.81966062570175,29.831090583699787,29.28025389602574,43.484992122371246,0.665,-0.121,91.2,Content Writing
36.95709863239692,52.31248720209934,20.19912229807707,34.884867887829714,47.4187419899591,30.55710005296512,29.936670557621447,4.375430595257258,95.28213283831761,6.514333853817222,0.795,-0.032,83.72,Digital Marketing
10.640267441425705,31.24533772240986,70.90892081948056,41.569957197385186,25.994338244002794,48.784115898549395,29.93866688868858,55.81800283833168,34.074270359392564,27.01071882560717,0.649,0.285,91.79,Programming
34.17543931274444,9.533562365174285,86.38669226908223,23.691498882156907,41.59629914582018,33.32100095785583,1.8848996769526085,69.17039203584497,7.862810027197204,14.105890543214961,0.265,-0.072,86.16,Data Analytics
22.514743446334542,32.1111001960792,90.33410695627455,23.97199765290991,23.468178055093365,46.284223084726946,36.76706124344,49.82395735360606,43.706751671494615,31.316401663923777,0.754,0.081,75.7,Programming
12.466176795510687,19.276218596518117,90.6677055520469,57.32249808645095,33.67241503583353,27.329843006933757,19.297074599381112,38.64743068832951,45.943789279548774,36.082452869520665,0.174,0.006,64.11,Programming
39.30496114136169,86.26668123077206,29.594842207279232,26.13206503404048,25.86603979680997,31.184939557528374,24.337518430161857,29.11516551321381,46.55542528654428,46.96184278278333,0.201,0.191,78.71,Content Writing
6.076602619551213,28.078090376904942,7.709641407897372,74.89796699441229,33.95864205143094,36.84929690625051,25.792704198768977,20.14916024141344,45.784298347851376,27.23236666649892,1.0,0.026,77.42,Freelancing
33.64502915187514,31.149083743177737,51.76419015543943,5.692843627409311,35.583787038638306,39.097204936415906,34.56697265453535,74.18639110148749,33.7664932891813,23.040858441027233,0.852,-0.172,77.24,Data Analytics
67.63590486001874,33.059263985699836,16.19363465403564,24.0588412073422,0.36249556372840175,37.03707802931904,24.433092692697237,29.733278445727965,10.718409060246064,28.717543286909823,0.49,0.151,79.56,Graphic Design
9.199027919023056,64.84864745632358,19.06650072013113,6.772610766649672,41.27437387796371,3.4957123123685943,37.17507586019052,30.874356986368184,46.19882803063434,61.94466390433347,0.685,0.056,60.67,Content Writing
51.060619575563905,17.328426923925626,58.65778812504501,31.34781807965446,33.564858516379104,39.30849492557566,52.01245131211912,78.8676418928214,32.44732054782051,4.196786822784784,0.694,0.465,78.28,Data Analytics
